variant_c,variant_p,aa_num,aa_ref,aa_mut,germline_classification
c.380A>G,p.N127S,127,N,S,B
c.23C>T,p.T8M,8,T,M,B
c.1906G>C,p.A636P,636,A,P,P
c.965G>A,p.G322D,322,G,D,B
c.716A>G,p.Q239R,239,Q,R,B
c.2074G>C,p.G692R,692,G,R,P
c.2087C>T,p.P696L,696,P,L,P
c.2090G>T,p.C697F,697,C,F,P
c.2425G>A,p.E809K,809,E,K,LB
c.409G>C,p.G137R,137,G,R,LB
c.332C>T,p.A111V,111,A,V,LB
c.4G>A,p.A2T,2,A,T,LB
c.1805T>C,p.L602P,602,L,P,LP
c.211G>C,p.G71R,71,G,R,P
c.2047G>A,p.G683R,683,G,R,P
c.2120G>A,p.C707Y,707,C,Y,LB
c.1465G>A,p.E489K,489,E,K,VUS
c.174C>G,p.F58L,58,F,L,LB
c.934C>G,p.L312V,312,L,V,VUS
c.2079T>G,p.C693W,693,C,W,P
c.435T>G,p.I145M,145,I,M,LB
c.1787A>G,p.N596S,596,N,S,B
c.499G>C,p.D167H,167,D,H,LB
c.2294C>T,p.A765V,765,A,V,LB
c.2251G>C,p.G751R,751,G,R,P
c.1076G>C,p.R359T,359,R,T,P
c.1091A>T,p.E364V,364,E,V,VUS
c.1217G>A,p.R406Q,406,R,Q,LB
c.1046C>T,p.P349L,349,P,L,P
c.2021G>A,p.G674D,674,G,D,P
c.998G>A,p.C333Y,333,C,Y,P
c.2292G>C,p.W764C,764,W,C,LB
c.183G>T,p.Q61H,61,Q,H,LB
c.1096T>C,p.F366L,366,F,L,VUS
c.1847C>G,p.P616R,616,P,R,B
c.1774A>G,p.M592V,592,M,V,LB
c.1979A>G,p.D660G,660,D,G,P
c.2060T>C,p.L687P,687,L,P,P
c.1790A>C,p.D597A,597,D,A,LB
c.138C>G,p.H46Q,46,H,Q,LB
c.1045C>G,p.P349A,349,P,A,LB
c.2203A>G,p.I735V,735,I,V,B
c.595T>C,p.C199R,199,C,R,P
c.1168C>T,p.L390F,390,L,F,B
c.775C>T,p.P259S,259,P,S,LB
c.815C>T,p.A272V,272,A,V,LB
c.2171C>T,p.T724M,724,T,M,VUS
c.1706A>G,p.E569G,569,E,G,VUS
c.317G>A,p.R106K,106,R,K,B
c.1601G>A,p.R534H,534,R,H,VUS
c.97A>C,p.T33P,33,T,P,B
c.1429A>C,p.N477H,477,N,H,LB
c.845A>G,p.D282G,282,D,G,LB
c.505A>G,p.I169V,169,I,V,LB
c.2006G>T,p.G669V,669,G,V,P
c.490G>A,p.G164R,164,G,R,P
c.386C>G,p.S129C,129,S,C,VUS
c.484G>A,p.G162R,162,G,R,P
c.488T>G,p.V163G,163,V,G,VUS
c.913G>A,p.A305T,305,A,T,LB
c.1013G>A,p.G338E,338,G,E,P
c.1865C>T,p.P622L,622,P,L,P
c.1341C>G,p.F447L,447,F,L,LB
c.1886A>G,p.Q629R,629,Q,R,B
c.443T>G,p.V148G,148,V,G,Unclassified
c.1347G>C,p.K449N,449,K,N,LB
c.2503A>C,p.N835H,835,N,H,LB
c.1462T>G,p.L488V,488,L,V,LB
c.835C>G,p.L279V,279,L,V,LB
c.1270C>T,p.H424Y,424,H,Y,LB
c.421A>G,p.M141V,141,M,V,B
c.319G>C,p.A107P,107,A,P,LB
c.2065G>C,p.A689P,689,A,P,LP
c.297A>T,p.R99S,99,R,S,VUS
c.1730T>C,p.I577T,577,I,T,LB
c.128A>G,p.Y43C,43,Y,C,LB
c.2714C>T,p.T905I,905,T,I,LB
c.860G>C,p.G287A,287,G,A,LB
c.900G>A,p.M300I,300,M,I,LB
c.2500G>A,p.A834T,834,A,T,LB
c.1189C>G,p.Q397E,397,Q,E,B
c.965G>T,p.G322V,322,G,V,LB
c.209C>T,p.A70V,70,A,V,VUS
c.929T>C,p.L310P,310,L,P,P
c.1461C>G,p.D487E,487,D,E,LB
c.1343C>G,p.S448C,448,S,C,VUS
c.728G>A,p.R243Q,243,R,Q,LB
c.2178G>C,p.M726I,726,M,I,VUS
c.763A>T,p.S255C,255,S,C,Unclassified
c.1897A>G,p.I633V,633,I,V,B
c.118G>A,p.G40S,40,G,S,LB
c.1654A>G,p.T552A,552,T,A,VUS
c.664A>G,p.I222V,222,I,V,VUS
c.1745T>C,p.V582A,582,V,A,VUS
c.1333T>C,p.S445P,445,S,P,Unclassified
c.1255C>A,p.Q419K,419,Q,K,LB
c.761A>G,p.N254S,254,N,S,LB
c.1053G>C,p.M351I,351,M,I,LB
c.742A>G,p.K248E,248,K,E,LB
c.163C>G,p.R55G,55,R,G,LB
c.1530G>T,p.Q510H,510,Q,H,LB
c.1748A>G,p.N583S,583,N,S,LB
c.1071G>C,p.E357D,357,E,D,LB
c.2732T>G,p.L911R,911,L,R,LB
c.1360A>G,p.I454V,454,I,V,LB
c.1354G>A,p.E452K,452,E,K,LB
c.2348A>G,p.H783R,783,H,R,VUS
c.557A>G,p.N186S,186,N,S,LB
c.1397A>G,p.H466R,466,H,R,VUS
c.443T>C,p.V148A,148,V,A,Unclassified
c.1784T>C,p.L595P,595,L,P,Unclassified
c.182A>G,p.Q61R,61,Q,R,LB
c.1849G>A,p.V617I,617,V,I,LB
c.1661G>C,p.S554T,554,S,T,P
c.2744T>C,p.V915A,915,V,A,LB
c.2542G>T,p.A848S,848,A,S,LB
c.1607A>G,p.N536S,536,N,S,LB
c.167A>T,p.E56V,56,E,V,LB
c.1386G>C,p.Q462H,462,Q,H,VUS
c.2164G>A,p.V722I,722,V,I,LB
c.1601G>C,p.R534P,534,R,P,VUS
c.2564A>G,p.Q855R,855,Q,R,LB
c.1228G>T,p.G410C,410,G,C,LB
c.2612A>G,p.K871R,871,K,R,VUS
c.2459G>A,p.G820D,820,G,D,VUS
c.1828C>T,p.H610Y,610,H,Y,LB
c.1933C>G,p.Q645E,645,Q,E,LB
c.2335A>G,p.M779V,779,M,V,LB
c.1087G>T,p.V363L,363,V,L,LB
c.260C>G,p.S87C,87,S,C,LB
c.1601G>T,p.R534L,534,R,L,VUS
c.894G>C,p.Q298H,298,Q,H,VUS
c.2556G>C,p.E852D,852,E,D,LB
c.688G>C,p.A230P,230,A,P,LB
c.1865C>G,p.P622R,622,P,R,LP
c.1642G>T,p.G548C,548,G,C,LB
c.1690A>G,p.T564A,564,T,A,LB
c.1817T>A,p.V606D,606,V,D,VUS
c.961A>C,p.T321P,321,T,P,LB
c.2487T>G,p.H829Q,829,H,Q,VUS
c.1867G>T,p.A623S,623,A,S,LB
c.2176A>C,p.M726L,726,M,L,VUS
c.1182T>G,p.F394L,394,F,L,LB
c.2714C>G,p.T905R,905,T,R,LB
c.382C>G,p.L128V,128,L,V,LB
c.797C>T,p.A266V,266,A,V,VUS
c.1073A>C,p.E358A,358,E,A,VUS
c.323G>T,p.G108V,108,G,V,LB
c.991A>G,p.N331D,331,N,D,LB
c.326A>G,p.N109S,109,N,S,LB
c.1530G>C,p.Q510H,510,Q,H,LB
c.2782T>G,p.S928A,928,S,A,VUS
c.2503A>G,p.N835D,835,N,D,B
c.304G>A,p.V102I,102,V,I,LB
c.611G>C,p.G204A,204,G,A,LB
c.10C>A,p.Q4K,4,Q,K,LB
c.1600C>T,p.R534C,534,R,C,VUS
c.2551C>G,p.L851V,851,L,V,VUS
c.1784T>G,p.L595R,595,L,R,P
c.1652T>A,p.F551Y,551,F,Y,VUS
c.1660A>G,p.S554G,554,S,G,LP
c.55T>C,p.F19L,19,F,L,LB
c.698C>G,p.S233C,233,S,C,LB
c.1724A>G,p.D575G,575,D,G,LB
c.1894A>G,p.I632V,632,I,V,LB
c.1032G>C,p.Q344H,344,Q,H,LB
c.2439G>A,p.M813I,813,M,I,LB
c.727C>T,p.R243W,243,R,W,VUS
c.1705G>A,p.E569K,569,E,K,Unclassified
c.1846C>T,p.P616S,616,P,S,LB
c.2801C>T,p.T934M,934,T,M,LB
c.1772C>T,p.P591L,591,P,L,VUS
c.1776G>A,p.M592I,592,M,I,VUS
c.586C>T,p.P196S,196,P,S,VUS
c.74G>A,p.G25D,25,G,D,LB
c.2141C>T,p.A714V,714,A,V,VUS
c.116G>C,p.R39P,39,R,P,VUS
c.1229G>T,p.G410V,410,G,V,VUS
c.2047G>T,p.G683W,683,G,W,Unclassified
c.232G>A,p.V78I,78,V,I,B
c.287G>A,p.R96H,96,R,H,LB
c.2375A>G,p.N792S,792,N,S,B
c.228G>T,p.Q76H,76,Q,H,VUS
c.2298A>G,p.I766M,766,I,M,LB
c.66C>G,p.F22L,22,F,L,VUS
c.1945G>A,p.A649T,649,A,T,LB
c.1105G>A,p.D369N,369,D,N,LB
c.1525A>G,p.K509E,509,K,E,Unclassified
c.935T>C,p.L312P,312,L,P,LB
c.1598T>C,p.L533P,533,L,P,Unclassified
c.2669A>G,p.K890R,890,K,R,Unclassified
c.2663T>C,p.L888P,888,L,P,VUS
c.722T>C,p.L241P,241,L,P,Unclassified
c.1759G>T,p.G587C,587,G,C,P
c.265G>C,p.V89L,89,V,L,VUS
c.1568T>C,p.F523S,523,F,S,LP
c.596G>A,p.C199Y,199,C,Y,LP
c.1631T>C,p.I544T,544,I,T,LB
c.2504A>T,p.N835I,835,N,I,LB
c.1088T>C,p.V363A,363,V,A,Unclassified
c.2798C>T,p.T933I,933,T,I,LB
c.2654A>G,p.Q885R,885,Q,R,LB
c.2558A>C,p.E853A,853,E,A,LB
c.114C>G,p.D38E,38,D,E,VUS
c.2636A>G,p.Q879R,879,Q,R,Unclassified
c.2074G>T,p.G692W,692,G,W,P
c.1619G>A,p.S540N,540,S,N,LB
c.2318A>G,p.K773R,773,K,R,Unclassified
c.2644A>C,p.K882Q,882,K,Q,Unclassified
c.1529A>G,p.Q510R,510,Q,R,LB
c.1589A>G,p.E530G,530,E,G,VUS
c.2369T>C,p.L790S,790,L,S,Unclassified
c.1387G>A,p.V463M,463,V,M,LB
c.781A>T,p.M261L,261,M,L,VUS
c.131C>A,p.T44K,44,T,K,VUS
c.368C>G,p.A123G,123,A,G,LB
c.89C>T,p.P30L,30,P,L,LB
c.1180T>C,p.F394L,394,F,L,LB
c.713A>G,p.Y238C,238,Y,C,VUS
c.2647A>G,p.I883V,883,I,V,VUS
c.1535A>G,p.K512R,512,K,R,Unclassified
c.2659T>C,p.F887L,887,F,L,LB
c.2266A>G,p.T756A,756,T,A,VUS
c.646A>G,p.I216V,216,I,V,LB
c.80C>T,p.P27L,27,P,L,LB
c.350G>C,p.W117S,117,W,S,VUS
c.1484C>T,p.T495I,495,T,I,LB
c.749G>A,p.G250E,250,G,E,LB
c.2320A>G,p.I774V,774,I,V,P
c.2644A>G,p.K882E,882,K,E,LB
c.20A>C,p.E7A,7,E,A,LB
c.496G>T,p.V166L,166,V,L,VUS
c.160G>T,p.A54S,54,A,S,LB
c.944G>T,p.G315V,315,G,V,B
c.736A>G,p.K246E,246,K,E,LB
c.136C>T,p.H46Y,46,H,Y,LB
c.650T>C,p.I217T,217,I,T,Unclassified
c.620C>T,p.A207V,207,A,V,LB
c.937T>C,p.F313L,313,F,L,Unclassified
c.2354A>C,p.H785P,785,H,P,LB
c.571C>T,p.L191F,191,L,F,LB
c.1991T>A,p.F664Y,664,F,Y,Unclassified
c.2621A>G,p.Y874C,874,Y,C,VUS
c.1238A>C,p.Q413P,413,Q,P,VUS
c.1253T>C,p.I418T,418,I,T,LB
c.743A>T,p.K248I,248,K,I,Unclassified
c.14C>A,p.P5Q,5,P,Q,LB
c.2377C>G,p.Q793E,793,Q,E,LB
c.1628A>G,p.D543G,543,D,G,VUS
c.2686T>C,p.F896L,896,F,L,Unclassified
c.73G>T,p.G25C,25,G,C,VUS
c.2408C>T,p.T803I,803,T,I,VUS
c.1021C>G,p.L341V,341,L,V,LB
c.2726A>G,p.K909R,909,K,R,LB
c.779A>G,p.E260G,260,E,G,Unclassified
c.2537A>G,p.Q846R,846,Q,R,LB
c.481G>A,p.V161I,161,V,I,LB
c.786G>T,p.E262D,262,E,D,VUS
c.1862G>T,p.R621L,621,R,L,LP
c.2150G>A,p.S717N,717,S,N,VUS
c.2413C>T,p.L805F,805,L,F,Unclassified
c.1714G>A,p.E572K,572,E,K,Unclassified
c.166G>A,p.E56K,56,E,K,LB
c.2642A>G,p.E881G,881,E,G,Unclassified
c.116G>T,p.R39L,39,R,L,LB
c.1661G>A,p.S554N,554,S,N,P
c.791A>G,p.Q264R,264,Q,R,LB
c.997T>C,p.C333R,333,C,R,P
c.1831G>A,p.V611M,611,V,M,VUS
c.1864C>A,p.P622T,622,P,T,LP
c.1594G>A,p.V532I,532,V,I,VUS
c.812C>G,p.S271C,271,S,C,LB
c.937T>A,p.F313I,313,F,I,VUS
c.2525A>T,p.E842V,842,E,V,LB
c.1571G>C,p.R524P,524,R,P,P
c.1523G>C,p.G508A,508,G,A,VUS
c.127T>C,p.Y43H,43,Y,H,VUS
c.2296A>G,p.I766V,766,I,V,LB
c.1199A>G,p.N400S,400,N,S,Unclassified
c.757A>G,p.M253V,253,M,V,Unclassified
c.482T>A,p.V161D,161,V,D,P
c.776C>T,p.P259L,259,P,L,LB
c.1939G>C,p.E647Q,647,E,Q,LB
c.1571G>T,p.R524L,524,R,L,VUS
c.2038C>G,p.R680G,680,R,G,LB
c.2064G>A,p.M688I,688,M,I,B
c.470G>C,p.G157A,157,G,A,LB
c.5C>A,p.A2E,2,A,E,VUS
c.1321A>C,p.T441P,441,T,P,LB
c.1547G>A,p.S516N,516,S,N,LB
c.2657A>G,p.E886G,886,E,G,Unclassified
c.2081T>C,p.F694S,694,F,S,P
c.1145G>A,p.R382H,382,R,H,VUS
c.766G>A,p.A256T,256,A,T,LB
c.47A>C,p.E16A,16,E,A,LB
c.1921T>C,p.C641R,641,C,R,Unclassified
c.925G>T,p.A309S,309,A,S,VUS
c.1927G>A,p.E643K,643,E,K,LB
c.476G>T,p.R159I,159,R,I,VUS
c.1319T>C,p.L440P,440,L,P,P
c.907G>A,p.D303N,303,D,N,Unclassified
c.126C>G,p.F42L,42,F,L,LB
c.644A>G,p.Q215R,215,Q,R,Unclassified
c.2594T>C,p.I865T,865,I,T,LB
c.874A>T,p.T292S,292,T,S,LB
c.123C>G,p.D41E,41,D,E,B
c.925G>A,p.A309T,309,A,T,Unclassified
c.581T>C,p.I194T,194,I,T,LB
c.22A>C,p.T8P,8,T,P,Unclassified
c.37A>C,p.S13R,13,S,R,Unclassified
c.50T>G,p.V17G,17,V,G,Unclassified
c.56T>G,p.F19C,19,F,C,Unclassified
c.91A>C,p.T31P,31,T,P,LB
c.146A>C,p.D49A,49,D,A,Unclassified
c.182A>T,p.Q61L,61,Q,L,LB
c.191T>G,p.I64S,64,I,S,Unclassified
c.222T>A,p.N74K,74,N,K,LB
c.238C>A,p.L80I,80,L,I,Unclassified
c.260C>A,p.S87Y,87,S,Y,LB
c.274C>A,p.L92I,92,L,I,Unclassified
c.277C>A,p.L93I,93,L,I,Unclassified
c.280C>A,p.L94M,94,L,M,Unclassified
c.1519C>A,p.P507T,507,P,T,VUS
c.2005G>T,p.G669C,669,G,C,LP
c.2095T>G,p.S699A,699,S,A,Unclassified
c.1597C>G,p.L533V,533,L,V,LB
c.2305T>C,p.Y769H,769,Y,H,VUS
c.589A>C,p.K197Q,197,K,Q,VUS
c.877A>G,p.T293A,293,T,A,VUS
c.1045C>T,p.P349S,349,P,S,Unclassified
c.2665T>C,p.S889P,889,S,P,Unclassified
c.2392A>G,p.N798D,798,N,D,LB
c.647T>C,p.I216T,216,I,T,VUS
c.1315C>T,p.P439S,439,P,S,VUS
c.2015T>G,p.M672R,672,M,R,VUS
c.1771C>A,p.P591T,591,P,T,LB
c.2528G>A,p.C843Y,843,C,Y,LB
c.2516A>G,p.H839R,839,H,R,B
c.30G>T,p.Q10H,10,Q,H,LB
c.2519T>C,p.V840A,840,V,A,VUS
c.376G>A,p.G126S,126,G,S,VUS
c.1413A>C,p.K471N,471,K,N,LB
c.2255G>A,p.R752K,752,R,K,LB
c.1327C>A,p.L443I,443,L,I,VUS
c.2110A>G,p.I704V,704,I,V,LB
c.1864C>G,p.P622A,622,P,A,VUS
c.437G>T,p.G146V,146,G,V,LB
c.923G>T,p.R308I,308,R,I,Unclassified
c.2419A>G,p.T807A,807,T,A,VUS
c.403C>G,p.L135V,135,L,V,B
c.1748A>T,p.N583I,583,N,I,VUS
c.1813G>A,p.V605I,605,V,I,LB
c.121G>T,p.D41Y,41,D,Y,LB
c.1148G>C,p.R383P,383,R,P,VUS
c.1513T>G,p.L505V,505,L,V,Unclassified
c.947C>T,p.S316F,316,S,F,LB
c.968C>T,p.S323F,323,S,F,VUS
c.488T>C,p.V163A,163,V,A,LB
c.2717T>C,p.I906T,906,I,T,B
c.2684C>G,p.P895R,895,P,R,LB
c.328A>C,p.K110Q,110,K,Q,LB
c.2260A>T,p.T754S,754,T,S,LB
c.464T>A,p.V155D,155,V,D,VUS
c.160G>A,p.A54T,54,A,T,LB
c.2800A>T,p.T934S,934,T,S,VUS
c.1813G>T,p.V605F,605,V,F,LB
c.605C>G,p.P202R,202,P,R,LB
c.964G>A,p.G322S,322,G,S,LB
c.1049T>A,p.L350H,350,L,H,Unclassified
c.1607A>C,p.N536T,536,N,T,Unclassified
c.1642G>A,p.G548S,548,G,S,VUS
c.934C>T,p.L312F,312,L,F,LB
c.820A>G,p.I274V,274,I,V,LB
c.2717T>G,p.I906R,906,I,R,LB
c.23C>G,p.T8R,8,T,R,LB
c.1882G>C,p.G628R,628,G,R,LB
c.2090G>A,p.C697Y,697,C,Y,P
c.530A>T,p.E177V,177,E,V,VUS
c.2566T>C,p.Y856H,856,Y,H,VUS
c.88C>A,p.P30T,30,P,T,LB
c.628A>T,p.M210L,210,M,L,Unclassified
c.1686G>C,p.E562D,562,E,D,VUS
c.1166G>A,p.R389Q,389,R,Q,VUS
c.1121A>C,p.Q374P,374,Q,P,LB
c.1570C>T,p.R524C,524,R,C,VUS
c.1043A>G,p.Q348R,348,Q,R,VUS
c.1378A>G,p.M460V,460,M,V,B
c.383T>G,p.L128R,128,L,R,LB
c.2771A>G,p.N924S,924,N,S,LB
c.1303G>A,p.V435I,435,V,I,LB
c.2606C>T,p.A869V,869,A,V,LB
c.2099C>A,p.A700E,700,A,E,P
c.2272G>T,p.D758Y,758,D,Y,VUS
c.2224G>A,p.D742N,742,D,N,LB
c.40G>A,p.A14T,14,A,T,VUS
c.2447A>G,p.Q816R,816,Q,R,LB
c.2187G>A,p.M729I,729,M,I,LB
c.1825G>T,p.A609S,609,A,S,LB
c.147C>G,p.D49E,49,D,E,VUS
c.905T>C,p.L302S,302,L,S,VUS
c.223C>A,p.L75M,75,L,M,Unclassified
c.923G>A,p.R308K,308,R,K,Unclassified
c.919G>A,p.V307I,307,V,I,LB
c.968C>G,p.S323C,323,S,C,LB
c.2708A>G,p.N903S,903,N,S,LB
c.2012A>G,p.N671S,671,N,S,LB
c.113A>C,p.D38A,38,D,A,Unclassified
c.175A>G,p.K59E,59,K,E,VUS
c.190A>C,p.I64L,64,I,L,LB
c.215C>A,p.A72E,72,A,E,Unclassified
c.226C>A,p.Q76K,76,Q,K,Unclassified
c.241A>T,p.S81C,81,S,C,Unclassified
c.286C>A,p.R96S,96,R,S,Unclassified
c.394G>A,p.E132K,132,E,K,Unclassified
c.616A>C,p.T206P,206,T,P,Unclassified
c.900G>T,p.M300I,300,M,I,LB
c.1003A>G,p.T335A,335,T,A,LP
c.1450A>G,p.I484V,484,I,V,Unclassified
c.1772C>A,p.P591Q,591,P,Q,Unclassified
c.1778A>T,p.Q593L,593,Q,L,VUS
c.1786A>T,p.N596Y,596,N,Y,Unclassified
c.2062A>G,p.M688V,688,M,V,Unclassified
c.2232A>T,p.L744F,744,L,F,Unclassified
c.2438T>A,p.M813K,813,M,K,Unclassified
c.2450T>A,p.V817E,817,V,E,Unclassified
c.2656G>A,p.E886K,886,E,K,LB
c.774G>T,p.L258F,258,L,F,VUS
c.855C>G,p.N285K,285,N,K,LB
c.1396C>T,p.H466Y,466,H,Y,LB
c.1184A>G,p.Q395R,395,Q,R,LB
c.1963G>A,p.V655I,655,V,I,LB
c.1796T>C,p.L599S,599,L,S,VUS
c.1571G>A,p.R524H,524,R,H,VUS
c.1067T>C,p.I356T,356,I,T,VUS
c.228G>C,p.Q76H,76,Q,H,LB
c.1637A>T,p.K546M,546,K,M,Unclassified
c.1638G>T,p.K546N,546,K,N,Unclassified
c.1643G>C,p.G548A,548,G,A,Unclassified
c.48G>C,p.E16D,16,E,D,VUS
c.2579C>T,p.S860L,860,S,L,LB
c.2288C>T,p.A763V,763,A,V,VUS
c.149C>A,p.A50E,50,A,E,LB
c.2668A>G,p.K890E,890,K,E,Unclassified
c.1597C>T,p.L533F,533,L,F,VUS
c.2716A>G,p.I906V,906,I,V,VUS
c.2387C>T,p.T796I,796,T,I,LB
c.1547G>T,p.S516I,516,S,I,B
c.1331G>T,p.R444L,444,R,L,LB
c.112G>T,p.D38Y,38,D,Y,VUS
c.617C>G,p.T206S,206,T,S,LB
c.885C>G,p.D295E,295,D,E,LB
c.610G>A,p.G204R,204,G,R,LB
c.1489A>G,p.I497V,497,I,V,LB
c.2048G>T,p.G683V,683,G,V,LB
c.161C>T,p.A54V,54,A,V,LB
c.641G>C,p.R214T,214,R,T,Unclassified
c.326A>T,p.N109I,109,N,I,Unclassified
c.325A>C,p.N109H,109,N,H,LB
c.330G>T,p.K110N,110,K,N,Unclassified
c.1744G>A,p.V582I,582,V,I,VUS
c.2354A>G,p.H785R,785,H,R,LB
c.2197G>A,p.A733T,733,A,T,B
c.2309T>C,p.I770T,770,I,T,LB
c.508C>G,p.Q170E,170,Q,E,LB
c.119G>T,p.G40V,40,G,V,LB
c.1966T>C,p.Y656H,656,Y,H,LB
c.2206C>T,p.L736F,736,L,F,LB
c.2050G>A,p.V684M,684,V,M,LB
c.706G>C,p.D236H,236,D,H,Unclassified
c.2308A>G,p.I770V,770,I,V,B
c.2182G>C,p.E728Q,728,E,Q,Unclassified
c.1597C>A,p.L533I,533,L,I,Unclassified
c.134C>T,p.A45V,45,A,V,LB
c.1681G>A,p.E561K,561,E,K,VUS
c.756G>C,p.Q252H,252,Q,H,LB
c.2359C>A,p.L787I,787,L,I,LB
c.755A>C,p.Q252P,252,Q,P,LB
c.67T>C,p.F23L,23,F,L,LB
c.2239A>G,p.I747V,747,I,V,LB
c.662G>T,p.G221V,221,G,V,Unclassified
c.2118C>A,p.D706E,706,D,E,VUS
c.631G>A,p.G211R,211,G,R,LB
c.2245G>A,p.E749K,749,E,K,P
c.2322T>G,p.I774M,774,I,M,VUS
c.1612A>T,p.N538Y,538,N,Y,Unclassified
c.1616T>C,p.F539S,539,F,S,Unclassified
c.1915C>T,p.H639Y,639,H,Y,P
c.320C>G,p.A107G,107,A,G,LB
c.681A>C,p.R227S,227,R,S,VUS
c.89C>G,p.P30R,30,P,R,VUS
c.1148G>A,p.R383Q,383,R,Q,LB
c.1379T>C,p.M460T,460,M,T,LB
c.1478A>T,p.Q493L,493,Q,L,LB
c.1898T>C,p.I633T,633,I,T,LB
c.1121A>G,p.Q374R,374,Q,R,B
c.595T>G,p.C199G,199,C,G,Unclassified
c.596G>C,p.C199S,199,C,S,Unclassified
c.266T>C,p.V89A,89,V,A,B
c.1469A>G,p.K490R,490,K,R,LB
c.2730G>T,p.Q910H,910,Q,H,Unclassified
c.1654A>C,p.T552P,552,T,P,VUS
c.1019G>A,p.R340K,340,R,K,VUS
c.509A>G,p.Q170R,170,Q,R,LB
c.2140G>A,p.A714T,714,A,T,VUS
c.1021C>A,p.L341I,341,L,I,Unclassified
c.2517T>A,p.H839Q,839,H,Q,LB
c.2032T>C,p.Y678H,678,Y,H,LB
c.1159C>T,p.L387F,387,L,F,B
c.1139T>C,p.L380S,380,L,S,LB
c.374C>T,p.P125L,125,P,L,VUS
c.1505A>G,p.D502G,502,D,G,LB
c.933C>A,p.N311K,311,N,K,Unclassified
c.940C>A,p.Q314K,314,Q,K,Unclassified
c.939T>A,p.F313L,313,F,L,LB
c.1765G>A,p.V589I,589,V,I,LB
c.2102A>C,p.E701A,701,E,A,LB
c.2193A>C,p.E731D,731,E,D,VUS
c.308A>G,p.Y103C,103,Y,C,LB
c.221A>T,p.N74I,74,N,I,VUS
c.1669A>G,p.T557A,557,T,A,VUS
c.391T>G,p.F131V,131,F,V,B
c.1619G>C,p.S540T,540,S,T,B
c.433A>G,p.I145V,145,I,V,LB
c.701C>G,p.T234R,234,T,R,LB
c.403C>T,p.L135F,135,L,F,LB
c.1962C>G,p.D654E,654,D,E,VUS
c.802T>G,p.S268A,268,S,A,LB
c.842C>T,p.S281L,281,S,L,LB
c.2009C>T,p.P670L,670,P,L,LB
c.769G>A,p.V257I,257,V,I,LB
c.1511G>T,p.G504V,504,G,V,VUS
c.2660T>C,p.F887S,887,F,S,Unclassified
c.607G>A,p.G203R,203,G,R,LB
c.688G>A,p.A230T,230,A,T,VUS
c.2379G>T,p.Q793H,793,Q,H,LB
c.1133A>C,p.E378A,378,E,A,LB
c.157G>T,p.A53S,53,A,S,LB
c.763A>G,p.S255G,255,S,G,LB
c.2515C>G,p.H839D,839,H,D,LB
c.1804C>G,p.L602V,602,L,V,LB
c.2762G>C,p.S921T,921,S,T,Unclassified
c.747G>T,p.K249N,249,K,N,Unclassified
c.307T>C,p.Y103H,103,Y,H,LB
c.1937A>T,p.D646V,646,D,V,VUS
c.1871T>G,p.I624S,624,I,S,LP
c.2336T>A,p.M779K,779,M,K,Unclassified
c.2293G>A,p.A765T,765,A,T,LB
c.1924G>A,p.V642I,642,V,I,LB
c.1967A>G,p.Y656C,656,Y,C,LB
c.1729A>G,p.I577V,577,I,V,LB
c.265G>A,p.V89I,89,V,I,VUS
c.812C>A,p.S271Y,271,S,Y,LB
c.1893A>T,p.R631S,631,R,S,LB
c.2533A>G,p.K845E,845,K,E,LB
c.789T>G,p.N263K,263,N,K,LB
c.1455G>A,p.M485I,485,M,I,VUS
c.11A>T,p.Q4L,4,Q,L,LB
c.2337G>A,p.M779I,779,M,I,VUS
c.1144C>T,p.R382C,382,R,C,VUS
c.1418C>T,p.S473L,473,S,L,LB
c.1004C>G,p.T335S,335,T,S,VUS
c.1709A>G,p.Y570C,570,Y,C,VUS
c.1946C>T,p.A649V,649,A,V,LB
c.2718A>G,p.I906M,906,I,M,VUS
c.491G>A,p.G164E,164,G,E,P
c.1250T>G,p.V417G,417,V,G,LB
c.1172C>T,p.A391V,391,A,V,VUS
c.787A>C,p.N263H,263,N,H,LB
c.2636A>C,p.Q879P,879,Q,P,LB
c.1645G>A,p.V549I,549,V,I,LB
c.1327C>G,p.L443V,443,L,V,VUS
c.2158A>G,p.K720E,720,K,E,LB
c.888C>G,p.F296L,296,F,L,LB
c.2282G>T,p.G761V,761,G,V,VUS
c.200T>A,p.M67K,67,M,K,LB
c.1012G>C,p.G338R,338,G,R,P
c.2362A>C,p.T788P,788,T,P,VUS
c.2122A>G,p.I708V,708,I,V,LB
c.928C>G,p.L310V,310,L,V,VUS
c.38G>A,p.S13N,13,S,N,LB
c.362A>G,p.Y121C,121,Y,C,B
c.1480T>C,p.S494P,494,S,P,B
c.2105T>G,p.V702G,702,V,G,VUS
c.1595T>C,p.V532A,532,V,A,LB
c.2006G>A,p.G669D,669,G,D,LP
c.2554G>C,p.E852Q,852,E,Q,LB
c.2063T>C,p.M688T,688,M,T,VUS
c.274C>G,p.L92V,92,L,V,B
c.1200C>G,p.N400K,400,N,K,LB
c.947C>A,p.S316Y,316,S,Y,VUS
c.1252A>T,p.I418L,418,I,L,VUS
c.2011A>G,p.N671D,671,N,D,VUS
c.2546T>G,p.L849R,849,L,R,LB
c.2120G>C,p.C707S,707,C,S,LB
c.2378A>C,p.Q793P,793,Q,P,VUS
c.2366C>T,p.A789V,789,A,V,VUS
c.2584G>A,p.G862R,862,G,R,VUS
c.781A>G,p.M261V,261,M,V,VUS
c.164G>A,p.R55Q,55,R,Q,LB
c.22A>T,p.T8S,8,T,S,LB
c.146A>T,p.D49V,49,D,V,VUS
c.2111T>C,p.I704T,704,I,T,LB
c.76A>C,p.M26L,26,M,L,LB
c.1582A>C,p.K528Q,528,K,Q,LB
c.2063T>G,p.M688R,688,M,R,P
c.238C>G,p.L80V,80,L,V,Unclassified
c.938T>C,p.F313S,313,F,S,LB
c.2641G>C,p.E881Q,881,E,Q,LB
c.19G>A,p.E7K,7,E,K,LB
c.707A>G,p.D236G,236,D,G,VUS
c.891C>G,p.S297R,297,S,R,LB
c.1889G>T,p.G630V,630,G,V,VUS
c.221A>C,p.N74T,74,N,T,Unclassified
c.566C>G,p.A189G,189,A,G,LB
c.220A>C,p.N74H,74,N,H,LB
c.64T>C,p.F22L,22,F,L,VUS
c.1657A>T,p.N553Y,553,N,Y,VUS
c.1999A>G,p.I667V,667,I,V,LB
c.955G>A,p.D319N,319,D,N,VUS
c.1847C>T,p.P616L,616,P,L,LB
c.1395C>G,p.N465K,465,N,K,VUS
c.1653T>A,p.F551L,551,F,L,VUS
c.72G>C,p.Q24H,24,Q,H,LB
c.2551C>A,p.L851I,851,L,I,LB
c.1799C>G,p.A600G,600,A,G,VUS
c.2030C>G,p.T677R,677,T,R,P
c.1871T>C,p.I624T,624,I,T,VUS
c.2386A>T,p.T796S,796,T,S,VUS
c.725A>G,p.N242S,242,N,S,LB
c.2377C>A,p.Q793K,793,Q,K,LB
c.1943T>A,p.I648N,648,I,N,VUS
c.2706A>C,p.E902D,902,E,D,VUS
c.1702A>G,p.T568A,568,T,A,Unclassified
c.1540G>A,p.D514N,514,D,N,LB
c.242G>C,p.S81T,81,S,T,LB
c.2276G>T,p.G759V,759,G,V,VUS
c.2726A>T,p.K909I,909,K,I,B
c.2043A>T,p.Q681H,681,Q,H,LB
c.413A>G,p.N138S,138,N,S,LB
c.1954C>A,p.P652T,652,P,T,VUS
c.272A>T,p.D91V,91,D,V,VUS
c.1124C>T,p.T375I,375,T,I,LB
c.2138G>A,p.G713E,713,G,E,LB
c.166G>C,p.E56Q,56,E,Q,LB
c.2185A>G,p.M729V,729,M,V,VUS
c.1094C>T,p.A365V,365,A,V,VUS
c.507A>G,p.I169M,169,I,M,LB
c.2281G>C,p.G761R,761,G,R,P
c.79C>A,p.P27T,27,P,T,LB
c.2138G>T,p.G713V,713,G,V,LB
c.668T>C,p.L223P,223,L,P,LB
c.1561T>A,p.Y521N,521,Y,N,LB
c.1580G>A,p.C527Y,527,C,Y,VUS
c.2134G>A,p.V712I,712,V,I,LB
c.2627A>G,p.E876G,876,E,G,VUS
c.2402A>C,p.H801P,801,H,P,LP
c.2224G>C,p.D742H,742,D,H,VUS
c.17A>T,p.K6M,6,K,M,Unclassified
c.1191A>T,p.Q397H,397,Q,H,LB
c.13C>T,p.P5S,5,P,S,VUS
c.2267C>G,p.T756S,756,T,S,LB
c.763A>C,p.S255R,255,S,R,LB
c.2360T>G,p.L787R,787,L,R,LP
c.1852C>T,p.P618S,618,P,S,VUS
c.1405C>G,p.L469V,469,L,V,LB
c.488T>A,p.V163D,163,V,D,P
c.442G>C,p.V148L,148,V,L,VUS
c.759G>A,p.M253I,253,M,I,VUS
c.2086C>T,p.P696S,696,P,S,VUS
c.2083G>A,p.V695M,695,V,M,LP
c.1174A>C,p.K392Q,392,K,Q,Unclassified
c.2575G>A,p.E859K,859,E,K,B
c.1027A>G,p.N343D,343,N,D,LB
c.1579T>A,p.C527S,527,C,S,LB
c.539A>T,p.D180V,180,D,V,VUS
c.368C>T,p.A123V,123,A,V,VUS
c.641G>A,p.R214K,214,R,K,VUS
c.2558A>G,p.E853G,853,E,G,LB
c.275T>A,p.L92H,92,L,H,VUS
c.208G>A,p.A70T,70,A,T,LB
c.2072T>C,p.I691T,691,I,T,LB
c.1679A>T,p.N560I,560,N,I,VUS
c.2596A>G,p.M866V,866,M,V,LB
c.149C>G,p.A50G,50,A,G,VUS
c.2123T>A,p.I708N,708,I,N,LP
c.2554G>A,p.E852K,852,E,K,VUS
c.2104G>T,p.V702L,702,V,L,LB
c.182A>C,p.Q61P,61,Q,P,LB
c.748G>A,p.G250R,250,G,R,VUS
c.1424A>T,p.D475V,475,D,V,LB
c.1892G>A,p.R631K,631,R,K,LB
c.2176A>G,p.M726V,726,M,V,VUS
c.1922G>A,p.C641Y,641,C,Y,VUS
c.2437A>G,p.M813V,813,M,V,LB
c.439G>A,p.V147I,147,V,I,LB
c.674C>T,p.T225I,225,T,I,VUS
c.817G>A,p.V273I,273,V,I,B
c.1355A>T,p.E452V,452,E,V,LP
c.2380A>T,p.I794L,794,I,L,B
c.1394A>G,p.N465S,465,N,S,LB
c.2495A>T,p.E832V,832,E,V,VUS
c.128A>T,p.Y43F,43,Y,F,LB
c.1986G>C,p.Q662H,662,Q,H,LB
c.569T>C,p.L190P,190,L,P,LP
c.231T>G,p.S77R,77,S,R,VUS
c.1382A>C,p.D461A,461,D,A,LB
c.2693A>C,p.E898A,898,E,A,LB
c.2201C>G,p.S734C,734,S,C,LB
c.559C>T,p.L187F,187,L,F,VUS
c.1204C>A,p.Q402K,402,Q,K,LB
c.611G>A,p.G204E,204,G,E,VUS
c.2483T>G,p.I828S,828,I,S,VUS
c.554C>T,p.S185F,185,S,F,VUS
c.185G>A,p.G62E,62,G,E,VUS
c.513G>C,p.R171S,171,R,S,Unclassified
c.98C>G,p.T33R,33,T,R,VUS
c.1789G>A,p.D597N,597,D,N,LB
c.1937A>C,p.D646A,646,D,A,LB
c.97A>G,p.T33A,33,T,A,LB
c.1432C>T,p.L478F,478,L,F,VUS
c.956A>T,p.D319V,319,D,V,LB
c.2777T>A,p.I926N,926,I,N,VUS
c.2572G>A,p.G858R,858,G,R,B
c.503C>T,p.S168F,168,S,F,LB
c.1048C>T,p.L350F,350,L,F,VUS
c.1663A>C,p.K555Q,555,K,Q,LB
c.1206A>T,p.Q402H,402,Q,H,VUS
c.2014A>G,p.M672V,672,M,V,VUS
c.1258G>C,p.A420P,420,A,P,VUS
c.919G>T,p.V307F,307,V,F,VUS
c.2786G>T,p.R929L,929,R,L,LB
c.242G>T,p.S81I,81,S,I,LB
c.2003C>A,p.T668N,668,T,N,Unclassified
c.265G>T,p.V89L,89,V,L,Unclassified
c.1978G>C,p.D660H,660,D,H,Unclassified
c.1984C>A,p.Q662K,662,Q,K,Unclassified
c.98C>T,p.T33I,33,T,I,VUS
c.2455A>G,p.K819E,819,K,E,VUS
c.1082A>G,p.N361S,361,N,S,LB
c.2705A>G,p.E902G,902,E,G,VUS
c.942A>T,p.Q314H,314,Q,H,Unclassified
c.2074G>A,p.G692R,692,G,R,P
c.822C>G,p.I274M,274,I,M,LB
c.2065G>A,p.A689T,689,A,T,LB
c.184G>A,p.G62R,62,G,R,LB
c.881T>G,p.F294C,294,F,C,VUS
c.2694A>C,p.E898D,898,E,D,LB
c.980C>T,p.A327V,327,A,V,LB
c.2168C>G,p.S723C,723,S,C,VUS
c.674C>G,p.T225R,225,T,R,VUS
c.534C>G,p.F178L,178,F,L,VUS
c.2683C>G,p.P895A,895,P,A,LB
c.691G>A,p.D231N,231,D,N,Unclassified
c.1070A>C,p.E357A,357,E,A,LB
c.2123T>C,p.I708T,708,I,T,VUS
c.1783C>G,p.L595V,595,L,V,VUS
c.2170A>G,p.T724A,724,T,A,VUS
c.2565G>T,p.Q855H,855,Q,H,LB
c.2242G>A,p.D748N,748,D,N,VUS
c.2606C>A,p.A869E,869,A,E,LB
c.2571T>G,p.I857M,857,I,M,LB
c.521G>A,p.G174E,174,G,E,Unclassified
c.640A>G,p.R214G,214,R,G,LB
c.2615A>G,p.K872R,872,K,R,LB
c.2039G>C,p.R680P,680,R,P,P
c.1076G>A,p.R359K,359,R,K,VUS
c.942G>T,p.Q314H,314,Q,H,LP
c.443T>A,p.V148E,148,V,E,VUS
c.272A>G,p.D91G,91,D,G,VUS
c.544G>T,p.D182Y,182,D,Y,LB
c.320C>T,p.A107V,107,A,V,VUS
c.1021C>T,p.L341F,341,L,F,VUS
c.751G>A,p.E251K,251,E,K,VUS
c.1094C>A,p.A365D,365,A,D,VUS
c.818T>C,p.V273A,273,V,A,B
c.1244C>G,p.P415R,415,P,R,VUS
c.1004C>T,p.T335I,335,T,I,Unclassified
c.2672T>G,p.V891G,891,V,G,VUS
c.1380G>C,p.M460I,460,M,I,LB
c.987G>C,p.L329F,329,L,F,LB
c.619G>T,p.A207S,207,A,S,VUS
c.389A>C,p.Q130P,130,Q,P,Unclassified
c.1453A>G,p.M485V,485,M,V,VUS
c.512G>A,p.R171K,171,R,K,B
c.1223A>G,p.Y408C,408,Y,C,VUS
c.100G>A,p.V34M,34,V,M,LB
c.826T>C,p.F276L,276,F,L,Unclassified
c.1799C>T,p.A600V,600,A,V,LP
c.458C>G,p.S153C,153,S,C,VUS
c.2381T>A,p.I794K,794,I,K,VUS
c.490G>T,p.G164W,164,G,W,P
c.1861C>G,p.R621G,621,R,G,P
c.20A>G,p.E7G,7,E,G,LB
c.848A>T,p.D283V,283,D,V,LB
c.323G>A,p.G108E,108,G,E,VUS
c.2376T>A,p.N792K,792,N,K,LB
c.2655G>T,p.Q885H,885,Q,H,VUS
c.1802A>G,p.Q601R,601,Q,R,LB
c.1024G>A,p.V342I,342,V,I,VUS
c.700A>G,p.T234A,234,T,A,LB
c.1518C>A,p.D506E,506,D,E,B
c.249G>T,p.M83I,83,M,I,VUS
c.277C>G,p.L93V,93,L,V,Unclassified
c.280C>G,p.L94V,94,L,V,LB
c.913G>T,p.A305S,305,A,S,Unclassified
c.923G>C,p.R308T,308,R,T,LB
c.1980T>A,p.D660E,660,D,E,Unclassified
c.1995C>A,p.H665Q,665,H,Q,Unclassified
c.1099G>A,p.V367I,367,V,I,LB
c.613G>C,p.E205Q,205,E,Q,LB
c.1798G>T,p.A600S,600,A,S,LB
c.1938T>G,p.D646E,646,D,E,VUS
c.2473A>G,p.S825G,825,S,G,VUS
c.1533T>G,p.I511M,511,I,M,VUS
c.796G>A,p.A266T,266,A,T,VUS
c.1243C>G,p.P415A,415,P,A,VUS
c.1507C>T,p.L503F,503,L,F,VUS
c.2632G>C,p.E878Q,878,E,Q,LB
c.817G>T,p.V273L,273,V,L,VUS
c.2758A>G,p.N920D,920,N,D,VUS
c.2260A>G,p.T754A,754,T,A,LB
c.764G>C,p.S255T,255,S,T,LB
c.1703C>T,p.T568I,568,T,I,VUS
c.755A>G,p.Q252R,252,Q,R,LB
c.1622C>T,p.T541I,541,T,I,LB
c.2635C>A,p.Q879K,879,Q,K,VUS
c.1546A>G,p.S516G,516,S,G,VUS
c.1254A>G,p.I418M,418,I,M,VUS
c.2494G>A,p.E832K,832,E,K,VUS
c.491G>T,p.G164V,164,G,V,Unclassified
c.1318C>T,p.L440F,440,L,F,VUS
c.659G>T,p.G220V,220,G,V,Unclassified
c.1487T>C,p.L496S,496,L,S,LB
c.1010A>G,p.Q337R,337,Q,R,VUS
c.1537C>G,p.L513V,513,L,V,VUS
c.2650A>T,p.I884F,884,I,F,VUS
c.906G>T,p.L302F,302,L,F,VUS
c.907G>T,p.D303Y,303,D,Y,Unclassified
c.916G>T,p.A306S,306,A,S,Unclassified
c.926C>A,p.A309D,309,A,D,Unclassified
c.934C>A,p.L312I,312,L,I,Unclassified
c.223C>G,p.L75V,75,L,V,LB
c.232G>T,p.V78F,78,V,F,Unclassified
c.235G>T,p.V79L,79,V,L,Unclassified
c.878C>A,p.T293N,293,T,N,Unclassified
c.890G>T,p.S297I,297,S,I,Unclassified
c.1853C>T,p.P618L,618,P,L,Unclassified
c.174C>A,p.F58L,58,F,L,LB
c.1309G>C,p.V437L,437,V,L,VUS
c.398A>G,p.D133G,133,D,G,LB
c.2108C>G,p.S703C,703,S,C,LB
c.568C>T,p.L190F,190,L,F,VUS
c.785A>T,p.E262V,262,E,V,VUS
c.2119T>G,p.C707G,707,C,G,LB
c.2009C>A,p.P670H,670,P,H,LB
c.1781C>T,p.T594I,594,T,I,B
c.580A>G,p.I194V,194,I,V,LB
c.746A>G,p.K249R,249,K,R,VUS
c.1361T>C,p.I454T,454,I,T,LB
c.1629T>G,p.D543E,543,D,E,VUS
c.2324G>A,p.G775D,775,G,D,VUS
c.1152C>G,p.F384L,384,F,L,VUS
c.904T>A,p.L302M,302,L,M,LB
c.1241T>C,p.L414P,414,L,P,LP
c.124T>C,p.F42L,42,F,L,VUS
c.2043A>C,p.Q681H,681,Q,H,VUS
c.1483A>G,p.T495A,495,T,A,LB
c.2365G>T,p.A789S,789,A,S,LB
c.841T>C,p.S281P,281,S,P,LB
c.1803G>T,p.Q601H,601,Q,H,VUS
c.19G>C,p.E7Q,7,E,Q,LB
c.1446A>C,p.R482S,482,R,S,LB
c.39C>A,p.S13R,13,S,R,VUS
c.2590G>T,p.D864Y,864,D,Y,LB
c.1022T>G,p.L341R,341,L,R,VUS
c.641G>T,p.R214I,214,R,I,LB
c.1157A>G,p.D386G,386,D,G,VUS
c.982G>A,p.A328T,328,A,T,LB
c.1577C>A,p.T526N,526,T,N,VUS
c.2210G>T,p.R737M,737,R,M,Unclassified
c.1808A>T,p.D603V,603,D,V,P
c.1069G>C,p.E357Q,357,E,Q,LB
c.1684G>C,p.E562Q,562,E,Q,VUS
c.1703C>G,p.T568R,568,T,R,LB
c.1935A>C,p.Q645H,645,Q,H,LB
c.2378A>G,p.Q793R,793,Q,R,VUS
c.1807G>A,p.D603N,603,D,N,Unclassified
c.1331G>A,p.R444H,444,R,H,LB
c.1573G>A,p.V525I,525,V,I,VUS
c.25C>G,p.L9V,9,L,V,LB
c.929T>G,p.L310R,310,L,R,P
c.1992C>G,p.F664L,664,F,L,LB
c.2528G>C,p.C843S,843,C,S,LB
c.1171G>A,p.A391T,391,A,T,LB
c.1282C>G,p.H428D,428,H,D,LB
c.1792G>A,p.V598M,598,V,M,LB
c.460G>A,p.A154T,154,A,T,LB
c.1016A>C,p.Q339P,339,Q,P,VUS
c.1811C>G,p.A604G,604,A,G,VUS
c.1667T>G,p.L556W,556,L,W,VUS
c.482T>C,p.V161A,161,V,A,VUS
c.844G>C,p.D282H,282,D,H,Unclassified
c.5C>T,p.A2V,2,A,V,LB
c.851C>A,p.S284Y,284,S,Y,VUS
c.2417C>T,p.T806I,806,T,I,VUS
c.62G>T,p.R21L,21,R,L,LB
c.2684C>T,p.P895L,895,P,L,LB
c.615G>C,p.E205D,205,E,D,VUS
c.2569A>G,p.I857V,857,I,V,LB
c.709A>G,p.I237V,237,I,V,LB
c.36G>C,p.E12D,12,E,D,LB
c.992A>G,p.N331S,331,N,S,LB
c.1612A>G,p.N538D,538,N,D,VUS
c.371C>G,p.S124C,124,S,C,VUS
c.845A>C,p.D282A,282,D,A,VUS
c.848A>G,p.D283G,283,D,G,VUS
c.440T>G,p.V147G,147,V,G,VUS
c.576C>G,p.I192M,192,I,M,VUS
c.177G>C,p.K59N,59,K,N,LB
c.1375G>C,p.D459H,459,D,H,VUS
c.1790A>G,p.D597G,597,D,G,LB
c.2504A>G,p.N835S,835,N,S,LB
c.2105T>A,p.V702E,702,V,E,P
c.1284C>G,p.H428Q,428,H,Q,VUS
c.434T>C,p.I145T,145,I,T,VUS
c.419A>C,p.D140A,140,D,A,Unclassified
c.58G>T,p.V20L,20,V,L,VUS
c.701C>T,p.T234I,234,T,I,LB
c.1759G>A,p.G587S,587,G,S,LP
c.2458G>T,p.G820C,820,G,C,VUS
c.2420C>G,p.T807S,807,T,S,LB
c.181C>G,p.Q61E,61,Q,E,VUS
c.931A>T,p.N311Y,311,N,Y,Unclassified
c.2171C>G,p.T724R,724,T,R,VUS
c.652C>G,p.Q218E,218,Q,E,VUS
c.2693A>G,p.E898G,898,E,G,Unclassified
c.296G>A,p.R99K,99,R,K,VUS
c.353A>G,p.Y118C,118,Y,C,VUS
c.2084T>G,p.V695G,695,V,G,Unclassified
c.7G>A,p.V3M,3,V,M,LB
c.565G>A,p.A189T,189,A,T,VUS
c.1243C>T,p.P415S,415,P,S,LB
c.2134G>C,p.V712L,712,V,L,Unclassified
c.2144G>A,p.G715D,715,G,D,LB
c.2137G>C,p.G713R,713,G,R,Unclassified
c.527G>T,p.C176F,176,C,F,VUS
c.286C>T,p.R96C,96,R,C,VUS
c.2768T>A,p.V923E,923,V,E,VUS
c.893A>G,p.Q298R,298,Q,R,VUS
c.1122G>C,p.Q374H,374,Q,H,VUS
c.2593A>G,p.I865V,865,I,V,LB
c.464T>G,p.V155G,155,V,G,LB
c.1987A>G,p.M663V,663,M,V,LB
c.1301C>T,p.A434V,434,A,V,LB
c.246A>T,p.K82N,82,K,N,LB
c.464T>C,p.V155A,155,V,A,LB
c.183G>C,p.Q61H,61,Q,H,LB
c.598G>A,p.V200I,200,V,I,LB
c.1937A>G,p.D646G,646,D,G,LP
c.959C>T,p.T320I,320,T,I,LB
c.7G>T,p.V3L,3,V,L,LB
c.1691C>A,p.T564N,564,T,N,LB
c.2641G>A,p.E881K,881,E,K,VUS
c.2683C>T,p.P895S,895,P,S,LB
c.691G>T,p.D231Y,231,D,Y,VUS
c.2440C>A,p.L814I,814,L,I,VUS
c.1617T>A,p.F539L,539,F,L,LB
c.1613A>T,p.N538I,538,N,I,LB
c.251A>C,p.N84T,84,N,T,VUS
c.271G>T,p.D91Y,91,D,Y,VUS
c.591G>T,p.K197N,197,K,N,VUS
c.680G>T,p.R227I,227,R,I,LB
c.1287G>T,p.Q429H,429,Q,H,VUS
c.1289A>G,p.K430R,430,K,R,VUS
c.2410G>T,p.A804S,804,A,S,VUS
c.1454T>C,p.M485T,485,M,T,LB
c.170T>C,p.V57A,57,V,A,LB
c.16A>G,p.K6E,6,K,E,VUS
c.2786G>A,p.R929Q,929,R,Q,VUS
c.1516G>C,p.D506H,506,D,H,Unclassified
c.1862G>C,p.R621P,621,R,P,LP
c.672C>G,p.I224M,224,I,M,LB
c.2041C>G,p.Q681E,681,Q,E,VUS
c.485G>C,p.G162A,162,G,A,VUS
c.1435A>C,p.S479R,479,S,R,VUS
c.1367C>T,p.T456I,456,T,I,LB
c.2608G>T,p.A870S,870,A,S,VUS
c.1883G>C,p.G628A,628,G,A,LB
c.1445G>C,p.R482T,482,R,T,VUS
c.1770A>C,p.E590D,590,E,D,LB
c.1687T>A,p.Y563N,563,Y,N,VUS
c.559C>A,p.L187I,187,L,I,VUS
c.1779G>C,p.Q593H,593,Q,H,VUS
c.1357A>G,p.M453V,453,M,V,LB
c.1972G>A,p.E658K,658,E,K,VUS
c.2762G>A,p.S921N,921,S,N,LB
c.1849G>C,p.V617L,617,V,L,LB
c.1708T>C,p.Y570H,570,Y,H,VUS
c.247A>G,p.M83V,83,M,V,LB
c.494A>G,p.Y165C,165,Y,C,VUS
c.1843G>C,p.A615P,615,A,P,LB
c.1316C>G,p.P439R,439,P,R,Unclassified
c.2427G>T,p.E809D,809,E,D,VUS
c.1625T>C,p.V542A,542,V,A,LB
c.1847C>A,p.P616H,616,P,H,VUS
c.1888G>C,p.G630R,630,G,R,LB
c.2748A>G,p.I916M,916,I,M,VUS
c.2164G>T,p.V722F,722,V,F,VUS
c.1048C>G,p.L350V,350,L,V,VUS
c.258A>T,p.E86D,86,E,D,LB
c.2402A>T,p.H801L,801,H,L,VUS
c.377G>A,p.G126D,126,G,D,VUS
c.158C>T,p.A53V,53,A,V,Unclassified
c.312G>C,p.K104N,104,K,N,VUS
c.2609C>T,p.A870V,870,A,V,VUS
c.1316C>T,p.P439L,439,P,L,LB
c.1562A>T,p.Y521F,521,Y,F,LB
c.1076G>T,p.R359I,359,R,I,LP
c.799G>A,p.V267I,267,V,I,LB
c.2372C>T,p.A791V,791,A,V,VUS
c.1405C>A,p.L469I,469,L,I,VUS
c.1012G>A,p.G338R,338,G,R,P
c.2251G>A,p.G751R,751,G,R,P
c.2801C>A,p.T934K,934,T,K,LB
c.1712A>G,p.E571G,571,E,G,VUS
c.1697A>T,p.N566I,566,N,I,Unclassified
c.13C>A,p.P5T,5,P,T,VUS
c.2498T>A,p.L833H,833,L,H,VUS
c.364A>C,p.K122Q,122,K,Q,LB
c.746A>C,p.K249T,249,K,T,VUS
c.1807G>T,p.D603Y,603,D,Y,LP
c.317G>C,p.R106T,106,R,T,LB
c.34G>C,p.E12Q,12,E,Q,LB
c.1550C>A,p.A517E,517,A,E,LB
c.1496C>T,p.A499V,499,A,V,LB
c.61C>T,p.R21C,21,R,C,LB
c.958A>G,p.T320A,320,T,A,LB
c.1814T>C,p.V605A,605,V,A,LB
c.1618A>C,p.S540R,540,S,R,VUS
c.1067T>A,p.I356K,356,I,K,P
c.1475T>C,p.M492T,492,M,T,LB
c.2486A>T,p.H829L,829,H,L,VUS
c.1322C>G,p.T441S,441,T,S,VUS
c.988C>A,p.L330M,330,L,M,LB
c.364A>G,p.K122E,122,K,E,VUS
c.1051A>G,p.M351V,351,M,V,LB
c.1862G>A,p.R621Q,621,R,Q,VUS
c.331G>A,p.A111T,111,A,T,VUS
c.724A>C,p.N242H,242,N,H,VUS
c.1658A>G,p.N553S,553,N,S,LB
c.1326T>A,p.D442E,442,D,E,VUS
c.320C>A,p.A107D,107,A,D,VUS
c.1338C>A,p.D446E,446,D,E,Unclassified
c.1493G>A,p.S498N,498,S,N,LB
c.824A>C,p.K275T,275,K,T,VUS
c.2075G>A,p.G692E,692,G,E,LP
c.2132G>A,p.R711Q,711,R,Q,VUS
c.2278T>G,p.F760V,760,F,V,VUS
c.1007C>A,p.P336H,336,P,H,VUS
c.206C>G,p.P69R,69,P,R,LB
c.292T>G,p.Y98D,98,Y,D,VUS
c.560T>C,p.L187P,187,L,P,P
c.1334C>T,p.S445F,445,S,F,VUS
c.1006C>T,p.P336S,336,P,S,VUS
c.1046C>A,p.P349H,349,P,H,LP
c.571C>A,p.L191I,191,L,I,VUS
c.1759G>C,p.G587R,587,G,R,P
c.1717G>T,p.A573S,573,A,S,VUS
c.1141C>T,p.L381F,381,L,F,VUS
c.1087G>A,p.V363M,363,V,M,VUS
c.2756A>G,p.N919S,919,N,S,LB
c.2258G>A,p.G753E,753,G,E,VUS
c.1943T>C,p.I648T,648,I,T,LB
c.70C>G,p.Q24E,24,Q,E,LB
c.1294T>A,p.L432M,432,L,M,LB
c.273T>A,p.D91E,91,D,E,VUS
c.1299G>C,p.L433F,433,L,F,VUS
c.1046C>G,p.P349R,349,P,R,P
c.1913G>A,p.R638K,638,R,K,VUS
c.58G>C,p.V20L,20,V,L,VUS
c.667C>G,p.L223V,223,L,V,Unclassified
c.101T>C,p.V34A,34,V,A,VUS
c.1003A>C,p.T335P,335,T,P,LP
c.2645A>C,p.K882T,882,K,T,VUS
c.718G>A,p.D240N,240,D,N,VUS
c.2681T>C,p.M894T,894,M,T,LB
c.935T>A,p.L312H,312,L,H,Unclassified
c.2780T>C,p.I927T,927,I,T,VUS
c.2209A>G,p.R737G,737,R,G,LB
c.2383C>A,p.P795T,795,P,T,LB
c.64T>A,p.F22I,22,F,I,LB
c.764G>A,p.S255N,255,S,N,LB
c.1196C>A,p.A399E,399,A,E,VUS
c.1808A>G,p.D603G,603,D,G,LP
c.1217G>T,p.R406L,406,R,L,LB
c.477A>T,p.R159S,159,R,S,VUS
c.1637A>G,p.K546R,546,K,R,VUS
c.1907C>T,p.A636V,636,A,V,LB
c.706G>T,p.D236Y,236,D,Y,VUS
c.2632G>A,p.E878K,878,E,K,LB
c.1994A>C,p.H665P,665,H,P,VUS
c.2081T>G,p.F694C,694,F,C,VUS
c.2353C>T,p.H785Y,785,H,Y,VUS
c.1108G>A,p.A370T,370,A,T,VUS
c.700A>T,p.T234S,234,T,S,LB
c.743A>G,p.K248R,248,K,R,LB
c.2092G>A,p.E698K,698,E,K,VUS
c.703A>G,p.K235E,235,K,E,LB
c.2480G>A,p.G827E,827,G,E,VUS
c.2084T>C,p.V695A,695,V,A,VUS
c.2711T>C,p.I904T,904,I,T,VUS
c.541A>C,p.N181H,181,N,H,VUS
c.1727C>T,p.A576V,576,A,V,VUS
c.1661G>T,p.S554I,554,S,I,LP
c.895T>C,p.Y299H,299,Y,H,VUS
c.2212T>C,p.S738P,738,S,P,VUS
c.2399T>C,p.L800P,800,L,P,LP
c.2020G>A,p.G674S,674,G,S,LP
c.78G>A,p.M26I,26,M,I,VUS
c.1577C>T,p.T526I,526,T,I,LB
c.1307T>C,p.F436S,436,F,S,VUS
c.2026T>C,p.S676P,676,S,P,LP
c.715C>G,p.Q239E,239,Q,E,LB
c.2270A>G,p.Y757C,757,Y,C,LB
c.2402A>G,p.H801R,801,H,R,LB
c.2089T>C,p.C697R,697,C,R,P
c.2083G>C,p.V695L,695,V,L,VUS
c.1561T>G,p.Y521D,521,Y,D,VUS
c.1309G>A,p.V437M,437,V,M,VUS
c.14C>G,p.P5R,5,P,R,LB
c.2003C>G,p.T668S,668,T,S,VUS
c.2154A>C,p.Q718H,718,Q,H,LB
c.2713A>C,p.T905P,905,T,P,LB
c.1708T>G,p.Y570D,570,Y,D,VUS
c.1627G>T,p.D543Y,543,D,Y,VUS
c.2211G>C,p.R737S,737,R,S,VUS
c.1667T>C,p.L556S,556,L,S,LP
c.479A>T,p.Q160L,160,Q,L,VUS
c.87G>T,p.K29N,29,K,N,VUS
c.2546T>A,p.L849Q,849,L,Q,VUS
c.2056G>T,p.V686L,686,V,L,VUS
c.2003C>T,p.T668I,668,T,I,VUS
c.1967A>C,p.Y656S,656,Y,S,LB
c.731T>C,p.L244S,244,L,S,VUS
c.2173T>C,p.F725L,725,F,L,VUS
c.1160T>G,p.L387R,387,L,R,VUS
c.1204C>G,p.Q402E,402,Q,E,LB
c.2321T>C,p.I774T,774,I,T,LB
c.103C>G,p.R35G,35,R,G,LB
c.572T>G,p.L191R,191,L,R,LP
c.2465G>C,p.C822S,822,C,S,Unclassified
c.1717G>A,p.A573T,573,A,T,B
c.79C>T,p.P27S,27,P,S,LB
c.1361T>G,p.I454R,454,I,R,P
c.1810G>A,p.A604T,604,A,T,LB
c.793G>A,p.V265I,265,V,I,LB
c.712T>G,p.Y238D,238,Y,D,LB
c.1273G>A,p.E425K,425,E,K,VUS
c.145G>A,p.D49N,49,D,N,LB
c.680G>A,p.R227K,227,R,K,VUS
c.974C>T,p.S325F,325,S,F,LB
c.2054T>G,p.I685R,685,I,R,P
c.1153C>G,p.P385A,385,P,A,VUS
c.860G>A,p.G287E,287,G,E,LB
c.283G>C,p.V95L,95,V,L,LB
c.638T>C,p.L213P,213,L,P,Unclassified
c.2303A>T,p.E768V,768,E,V,VUS
c.1130A>G,p.Q377R,377,Q,R,LB
c.1409T>C,p.V470A,470,V,A,VUS
c.1272T>G,p.H424Q,424,H,Q,VUS
c.547C>A,p.Q183K,183,Q,K,LB
c.337A>G,p.K113E,113,K,E,VUS
c.1852C>G,p.P618A,618,P,A,LB
c.1116G>C,p.L372F,372,L,F,Unclassified
c.1558G>A,p.G520R,520,G,R,Unclassified
c.1408G>A,p.V470I,470,V,I,VUS
c.1061A>G,p.N354S,354,N,S,LB
c.1687T>C,p.Y563H,563,Y,H,VUS
c.2272G>C,p.D758H,758,D,H,VUS
c.925G>C,p.A309P,309,A,P,VUS
c.2628A>C,p.E876D,876,E,D,LB
c.973T>G,p.S325A,325,S,A,VUS
c.2605G>A,p.A869T,869,A,T,VUS
c.479A>G,p.Q160R,160,Q,R,VUS
c.1369A>C,p.T457P,457,T,P,VUS
c.2507T>C,p.F836S,836,F,S,VUS
c.245A>C,p.K82T,82,K,T,VUS
c.1460A>G,p.D487G,487,D,G,LB
c.1094C>G,p.A365G,365,A,G,LB
c.2623C>G,p.L875V,875,L,V,VUS
c.2290T>G,p.W764G,764,W,G,VUS
c.2651T>C,p.I884T,884,I,T,LB
c.1859T>C,p.V620A,620,V,A,VUS
c.803C>T,p.S268L,268,S,L,LB
c.1115T>C,p.L372S,372,L,S,VUS
c.1405C>T,p.L469F,469,L,F,VUS
c.1156G>T,p.D386Y,386,D,Y,VUS
c.839T>C,p.L280S,280,L,S,LB
c.889A>G,p.S297G,297,S,G,LB
c.218A>G,p.K73R,73,K,R,LB
c.578A>C,p.Q193P,193,Q,P,VUS
c.2690C>G,p.T897S,897,T,S,LB
c.1951A>G,p.I651V,651,I,V,LB
c.1439A>G,p.E480G,480,E,G,VUS
c.2281G>A,p.G761R,761,G,R,LP
c.2039G>A,p.R680Q,680,R,Q,VUS
c.215C>G,p.A72G,72,A,G,VUS
c.446G>A,p.G149D,149,G,D,LP
c.335C>T,p.S112F,112,S,F,LB
c.1372T>G,p.L458V,458,L,V,VUS
c.371C>T,p.S124F,124,S,F,VUS
c.1049T>C,p.L350P,350,L,P,VUS
c.490G>C,p.G164R,164,G,R,P
c.2413C>G,p.L805V,805,L,V,Unclassified
c.1643G>A,p.G548D,548,G,D,VUS
c.416A>G,p.N139S,139,N,S,Unclassified
c.1436G>A,p.S479N,479,S,N,LB
c.2023A>G,p.K675E,675,K,E,LP
c.2335A>C,p.M779L,779,M,L,VUS
c.2705A>T,p.E902V,902,E,V,Unclassified
c.1718C>T,p.A573V,573,A,V,LB
c.1669A>C,p.T557P,557,T,P,Unclassified
c.2179G>A,p.A727T,727,A,T,VUS
c.1192G>A,p.A398T,398,A,T,LB
c.194A>T,p.K65M,65,K,M,VUS
c.1554G>T,p.Q518H,518,Q,H,VUS
c.379A>G,p.N127D,127,N,D,LB
c.1691C>G,p.T564S,564,T,S,LB
c.1009C>G,p.Q337E,337,Q,E,LB
c.2066C>A,p.A689D,689,A,D,P
c.2393A>C,p.N798T,798,N,T,VUS
c.2319G>C,p.K773N,773,K,N,VUS
c.1020A>C,p.R340S,340,R,S,VUS
c.2021G>T,p.G674V,674,G,V,LP
c.1502G>A,p.R501K,501,R,K,LB
c.2287G>C,p.A763P,763,A,P,Unclassified
c.983C>T,p.A328V,328,A,V,LB
c.2055A>G,p.I685M,685,I,M,VUS
c.11A>C,p.Q4P,4,Q,P,LB
c.716A>C,p.Q239P,239,Q,P,VUS
c.2755A>G,p.N919D,919,N,D,VUS
c.2410G>A,p.A804T,804,A,T,VUS
c.2797A>G,p.T933A,933,T,A,VUS
c.2228C>T,p.S743L,743,S,L,VUS
c.2746A>C,p.I916L,916,I,L,VUS
c.458C>T,p.S153F,153,S,F,VUS
c.1570C>G,p.R524G,524,R,G,VUS
c.302A>G,p.E101G,101,E,G,LB
c.1834T>C,p.S612P,612,S,P,LB
c.1649A>C,p.K550T,550,K,T,VUS
c.485G>T,p.G162V,162,G,V,VUS
c.397G>T,p.D133Y,133,D,Y,VUS
c.461C>T,p.A154V,154,A,V,VUS
c.809T>C,p.L270P,270,L,P,P
c.2461G>A,p.V821I,821,V,I,LB
c.2029A>G,p.T677A,677,T,A,LB
c.518T>C,p.L173P,173,L,P,LP
c.1961A>G,p.D654G,654,D,G,VUS
c.1271A>G,p.H424R,424,H,R,VUS
c.2073T>G,p.I691M,691,I,M,VUS
c.1159C>G,p.L387V,387,L,V,VUS
c.2132G>C,p.R711P,711,R,P,LP
c.1414C>T,p.P472S,472,P,S,Unclassified
c.536C>T,p.P179L,179,P,L,LB
c.982G>C,p.A328P,328,A,P,LB
c.139G>A,p.G47S,47,G,S,LB
c.530A>G,p.E177G,177,E,G,VUS
c.2462T>C,p.V821A,821,V,A,LB
c.998G>T,p.C333F,333,C,F,LP
c.2582A>T,p.Q861L,861,Q,L,LB
c.230G>A,p.S77N,77,S,N,LB
c.1376A>C,p.D459A,459,D,A,VUS
c.1127T>C,p.L376S,376,L,S,LB
c.721C>A,p.L241I,241,L,I,VUS
c.1135G>T,p.D379Y,379,D,Y,VUS
c.2682G>A,p.M894I,894,M,I,VUS
c.2053A>G,p.I685V,685,I,V,LB
c.1019G>T,p.R340I,340,R,I,VUS
c.1535A>C,p.K512T,512,K,T,VUS
c.2276G>A,p.G759E,759,G,E,VUS
c.2613G>T,p.K871N,871,K,N,LB
c.2754G>T,p.K918N,918,K,N,VUS
c.2078G>A,p.C693Y,693,C,Y,LP
c.1172C>A,p.A391D,391,A,D,VUS
c.2380A>C,p.I794L,794,I,L,LB
c.2766T>G,p.F922L,922,F,L,LB
c.823A>G,p.K275E,275,K,E,Unclassified
c.1145G>C,p.R382P,382,R,P,VUS
c.1817T>C,p.V606A,606,V,A,LB
c.1722G>T,p.Q574H,574,Q,H,VUS
c.1828C>A,p.H610N,610,H,N,LB
c.1959T>A,p.N653K,653,N,K,VUS
c.2486A>G,p.H829R,829,H,R,VUS
c.1882G>A,p.G628R,628,G,R,LB
c.2065G>T,p.A689S,689,A,S,LB
c.143A>C,p.E48A,48,E,A,Unclassified
c.2171C>A,p.T724K,724,T,K,Unclassified
c.367G>A,p.A123T,123,A,T,VUS
c.1960G>A,p.D654N,654,D,N,LB
c.2210G>C,p.R737T,737,R,T,VUS
c.1835C>T,p.S612L,612,S,L,VUS
c.2230T>A,p.L744I,744,L,I,LB
c.95C>G,p.T32S,32,T,S,VUS
c.2057T>C,p.V686A,686,V,A,VUS
c.1808A>C,p.D603A,603,D,A,LP
c.2634G>C,p.E878D,878,E,D,P
c.1557T>G,p.F519L,519,F,L,B
c.2075G>T,p.G692V,692,G,V,P
c.2749G>A,p.A917T,917,A,T,LB
c.544G>A,p.D182N,182,D,N,VUS
c.2375A>T,p.N792I,792,N,I,VUS
c.2386A>G,p.T796A,796,T,A,LB
c.1276G>C,p.G426R,426,G,R,LP
c.56T>C,p.F19S,19,F,S,LB
c.2603C>T,p.P868L,868,P,L,LB
c.1074G>T,p.E358D,358,E,D,VUS
c.706G>A,p.D236N,236,D,N,LB
c.2387C>G,p.T796S,796,T,S,VUS
c.2633A>G,p.E878G,878,E,G,VUS
c.200T>C,p.M67T,67,M,T,LB
c.2754G>C,p.K918N,918,K,N,VUS
c.2104G>A,p.V702M,702,V,M,LB
c.2522T>C,p.I841T,841,I,T,LB
c.2697G>T,p.M899I,899,M,I,LB
c.1670C>G,p.T557S,557,T,S,LB
c.2319G>T,p.K773N,773,K,N,VUS
c.1695A>C,p.K565N,565,K,N,LB
c.2090G>C,p.C697S,697,C,S,VUS
c.1517A>G,p.D506G,506,D,G,VUS
c.562G>C,p.E188Q,188,E,Q,VUS
c.2449G>A,p.V817M,817,V,M,VUS
c.2129C>G,p.A710G,710,A,G,LB
c.423G>A,p.M141I,141,M,I,LB
c.529G>A,p.E177K,177,E,K,VUS
c.958A>T,p.T320S,320,T,S,VUS
c.214G>T,p.A72S,72,A,S,LB
c.1777C>G,p.Q593E,593,Q,E,LB
c.599T>C,p.V200A,200,V,A,VUS
c.2314A>G,p.T772A,772,T,A,VUS
c.29A>C,p.Q10P,10,Q,P,VUS
c.571C>G,p.L191V,191,L,V,VUS
c.564G>T,p.E188D,188,E,D,VUS
c.2311G>A,p.A771T,771,A,T,VUS
c.2411C>T,p.A804V,804,A,V,VUS
c.2792A>T,p.K931I,931,K,I,VUS
c.2504A>C,p.N835T,835,N,T,Unclassified
c.896A>G,p.Y299C,299,Y,C,VUS
c.2315C>G,p.T772R,772,T,R,LB
c.127T>G,p.Y43D,43,Y,D,VUS
c.1154C>T,p.P385L,385,P,L,LB
c.1565A>G,p.Y522C,522,Y,C,LB
c.2242G>C,p.D748H,748,D,H,LP
c.1910C>G,p.S637C,637,S,C,LB
c.2605G>T,p.A869S,869,A,S,VUS
c.1492A>C,p.S498R,498,S,R,VUS
c.2696T>C,p.M899T,899,M,T,VUS
c.2407A>G,p.T803A,803,T,A,VUS
c.599T>A,p.V200D,200,V,D,LP
c.597T>G,p.C199W,199,C,W,LP
c.2068C>A,p.Q690K,690,Q,K,LP
c.100G>T,p.V34L,34,V,L,VUS
c.1826C>T,p.A609V,609,A,V,VUS
c.638T>A,p.L213Q,213,L,Q,LB
c.2450T>C,p.V817A,817,V,A,VUS
c.1973A>C,p.E658A,658,E,A,VUS
c.1807G>C,p.D603H,603,D,H,P
c.517C>G,p.L173V,173,L,V,LB
c.1870A>G,p.I624V,624,I,V,Unclassified
c.2587T>G,p.Y863D,863,Y,D,LB
c.2165T>C,p.V722A,722,V,A,VUS
c.1829A>C,p.H610P,610,H,P,LP
c.2341G>A,p.A781T,781,A,T,VUS
c.2509C>T,p.P837S,837,P,S,LB
c.2545C>G,p.L849V,849,L,V,LB
c.2099C>G,p.A700G,700,A,G,VUS
c.908A>T,p.D303V,303,D,V,VUS
c.1118G>T,p.R373M,373,R,M,VUS
c.2666C>T,p.S889F,889,S,F,VUS
c.1498G>T,p.A500S,500,A,S,VUS
c.2320A>T,p.I774F,774,I,F,LB
c.1598T>G,p.L533R,533,L,R,VUS
c.2521A>C,p.I841L,841,I,L,LB
c.400A>T,p.I134F,134,I,F,LB
c.2033A>G,p.Y678C,678,Y,C,VUS
c.1969T>C,p.F657L,657,F,L,VUS
c.203G>T,p.G68V,68,G,V,VUS
c.2542G>A,p.A848T,848,A,T,VUS
c.1843G>A,p.A615T,615,A,T,LB
c.862C>A,p.Q288K,288,Q,K,Unclassified
c.1409T>G,p.V470G,470,V,G,Unclassified
c.1103A>T,p.E368V,368,E,V,LB
c.2450T>G,p.V817G,817,V,G,VUS
c.77T>C,p.M26T,26,M,T,LB
c.2710A>G,p.I904V,904,I,V,VUS
c.2427G>C,p.E809D,809,E,D,VUS
c.2790A>G,p.I930M,930,I,M,VUS
c.908A>G,p.D303G,303,D,G,Unclassified
c.271G>A,p.D91N,91,D,N,VUS
c.2144G>C,p.G715A,715,G,A,VUS
c.2243A>G,p.D748G,748,D,G,VUS
c.480G>T,p.Q160H,160,Q,H,LB
c.1462T>A,p.L488M,488,L,M,LB
c.2080T>A,p.F694I,694,F,I,LP
c.2005G>A,p.G669S,669,G,S,VUS
c.2060T>A,p.L687H,687,L,H,Unclassified
c.1315C>G,p.P439A,439,P,A,VUS
c.1267A>G,p.K423E,423,K,E,LB
c.2233A>G,p.I745V,745,I,V,VUS
c.1549G>A,p.A517T,517,A,T,LB
c.2290T>C,p.W764R,764,W,R,VUS
c.1583A>T,p.K528M,528,K,M,VUS
c.1865C>A,p.P622Q,622,P,Q,LP
c.2009C>G,p.P670R,670,P,R,LB
c.1799C>A,p.A600D,600,A,D,LP
c.1064G>A,p.R355K,355,R,K,LB
c.104G>A,p.R35H,35,R,H,VUS
c.2431T>G,p.L811V,811,L,V,VUS
c.1303G>C,p.V435L,435,V,L,LB
c.2179G>C,p.A727P,727,A,P,VUS
c.1837A>C,p.N613H,613,N,H,B
c.608G>C,p.G203A,203,G,A,LB
c.976C>A,p.L326M,326,L,M,VUS
c.1660A>C,p.S554R,554,S,R,LP
c.1078T>A,p.L360M,360,L,M,LB
c.2113G>A,p.V705M,705,V,M,LB
c.854A>G,p.N285S,285,N,S,LB
c.1223A>C,p.Y408S,408,Y,S,VUS
c.1971T>G,p.F657L,657,F,L,VUS
c.62G>A,p.R21H,21,R,H,LB
c.1973A>G,p.E658G,658,E,G,LB
c.625G>C,p.D209H,209,D,H,VUS
c.2515C>T,p.H839Y,839,H,Y,VUS
c.1044G>T,p.Q348H,348,Q,H,VUS
c.1082A>C,p.N361T,361,N,T,VUS
c.1059G>T,p.K353N,353,K,N,VUS
c.178A>G,p.T60A,60,T,A,VUS
c.199A>G,p.M67V,67,M,V,LB
c.1989G>A,p.M663I,663,M,I,LB
c.401T>C,p.I134T,134,I,T,VUS
c.628A>G,p.M210V,210,M,V,LB
c.1495G>A,p.A499T,499,A,T,VUS
c.2267C>T,p.T756I,756,T,I,Unclassified
c.2786G>C,p.R929P,929,R,P,VUS
c.388C>G,p.Q130E,130,Q,E,Unclassified
c.1214A>C,p.Y405S,405,Y,S,Unclassified
c.1231A>G,p.I411V,411,I,V,VUS
c.1261C>G,p.L421V,421,L,V,VUS
c.1993C>T,p.H665Y,665,H,Y,LB
c.425C>T,p.S142L,142,S,L,LB
c.1589A>C,p.E530A,530,E,A,LB
c.1141C>A,p.L381I,381,L,I,VUS
c.967T>C,p.S323P,323,S,P,LB
c.1346A>G,p.K449R,449,K,R,VUS
c.2649T>G,p.I883M,883,I,M,VUS
c.814G>A,p.A272T,272,A,T,VUS
c.1786A>C,p.N596H,596,N,H,LB
c.1225C>G,p.Q409E,409,Q,E,LB
c.214G>A,p.A72T,72,A,T,LB
c.203G>A,p.G68E,68,G,E,LB
c.187G>A,p.V63M,63,V,M,VUS
c.2011A>T,p.N671Y,671,N,Y,LP
c.217A>G,p.K73E,73,K,E,VUS
c.1111G>A,p.E371K,371,E,K,VUS
c.688G>T,p.A230S,230,A,S,VUS
c.901A>C,p.K301Q,301,K,Q,VUS
c.1333T>G,p.S445A,445,S,A,VUS
c.1075A>G,p.R359G,359,R,G,LP
c.168G>C,p.E56D,56,E,D,VUS
c.2614A>C,p.K872Q,872,K,Q,VUS
c.608G>T,p.G203V,203,G,V,VUS
c.497T>C,p.V166A,166,V,A,LB
c.851C>T,p.S284F,284,S,F,VUS
c.1709A>C,p.Y570S,570,Y,S,VUS
c.1593A>T,p.K531N,531,K,N,VUS
c.1715A>C,p.E572A,572,E,A,VUS
c.1817T>G,p.V606G,606,V,G,VUS
c.58G>A,p.V20M,20,V,M,VUS
c.4G>C,p.A2P,2,A,P,Unclassified
c.1583A>G,p.K528R,528,K,R,LB
c.176A>G,p.K59R,59,K,R,VUS
c.301G>A,p.E101K,101,E,K,VUS
c.1809T>A,p.D603E,603,D,E,Unclassified
c.1175A>T,p.K392M,392,K,M,LB
c.1706A>C,p.E569A,569,E,A,Unclassified
c.78G>T,p.M26I,26,M,I,VUS
c.878C>T,p.T293I,293,T,I,VUS
c.239T>C,p.L80P,80,L,P,VUS
c.1754C>T,p.S585F,585,S,F,VUS
c.1936G>T,p.D646Y,646,D,Y,VUS
c.847G>T,p.D283Y,283,D,Y,LB
c.1183C>A,p.Q395K,395,Q,K,VUS
c.767C>T,p.A256V,256,A,V,VUS
c.1451T>G,p.I484R,484,I,R,VUS
c.1510G>C,p.G504R,504,G,R,VUS
c.844G>A,p.D282N,282,D,N,Unclassified
c.31T>G,p.L11V,11,L,V,VUS
c.637C>A,p.L213M,213,L,M,VUS
c.2231T>C,p.L744S,744,L,S,VUS
c.782T>C,p.M261T,261,M,T,LB
c.1504G>T,p.D502Y,502,D,Y,Unclassified
c.2018G>T,p.G673V,673,G,V,VUS
c.1153C>T,p.P385S,385,P,S,VUS
c.1783C>T,p.L595F,595,L,F,LB
c.1358T>C,p.M453T,453,M,T,LB
c.610G>C,p.G204R,204,G,R,VUS
c.415A>G,p.N139D,139,N,D,LB
c.1339T>G,p.F447V,447,F,V,VUS
c.506T>C,p.I169T,169,I,T,LB
c.440T>A,p.V147D,147,V,D,VUS
c.1819A>G,p.S607G,607,S,G,LB
c.2035A>T,p.I679F,679,I,F,VUS
c.615G>T,p.E205D,205,E,D,LB
c.94A>G,p.T32A,32,T,A,LB
c.187G>T,p.V63L,63,V,L,LB
c.1618A>G,p.S540G,540,S,G,LB
c.448G>A,p.V150I,150,V,I,VUS
c.1114T>G,p.L372V,372,L,V,LB
c.2347C>G,p.H783D,783,H,D,VUS
c.2326G>C,p.A776P,776,A,P,VUS
c.2333G>A,p.C778Y,778,C,Y,VUS
c.455T>C,p.M152T,152,M,T,Unclassified
c.1174A>G,p.K392E,392,K,E,VUS
c.155T>C,p.L52P,52,L,P,LB
c.999T>G,p.C333W,333,C,W,P
c.1803G>C,p.Q601H,601,Q,H,LB
c.589A>G,p.K197E,197,K,E,LB
c.1508T>A,p.L503H,503,L,H,VUS
c.1424A>C,p.D475A,475,D,A,VUS
c.806C>T,p.S269L,269,S,L,LP
c.1629T>A,p.D543E,543,D,E,VUS
c.1281A>T,p.K427N,427,K,N,LB
c.859G>C,p.G287R,287,G,R,VUS
c.1997T>C,p.I666T,666,I,T,VUS
c.682A>C,p.K228Q,228,K,Q,VUS
c.679A>G,p.R227G,227,R,G,LB
c.2661C>G,p.F887L,887,F,L,VUS
c.2435C>G,p.T812S,812,T,S,LB
c.2050G>T,p.V684L,684,V,L,VUS
c.924A>C,p.R308S,308,R,S,Unclassified
c.942G>C,p.Q314H,314,Q,H,Unclassified
c.1936G>C,p.D646H,646,D,H,Unclassified
c.1961A>C,p.D654A,654,D,A,Unclassified
c.1963G>C,p.V655L,655,V,L,Unclassified
c.1997T>A,p.I666N,666,I,N,Unclassified
c.704A>C,p.K235T,235,K,T,VUS
c.778G>A,p.E260K,260,E,K,VUS
c.1522G>T,p.G508C,508,G,C,Unclassified
c.1478A>G,p.Q493R,493,Q,R,VUS
c.1360A>C,p.I454L,454,I,L,VUS
c.2132G>T,p.R711L,711,R,L,VUS
c.2567A>G,p.Y856C,856,Y,C,LB
c.2707A>T,p.N903Y,903,N,Y,LB
c.281T>G,p.L94R,94,L,R,VUS
c.385T>A,p.S129T,129,S,T,Unclassified
c.2800A>G,p.T934A,934,T,A,LB
c.1291T>G,p.L431V,431,L,V,VUS
c.14C>T,p.P5L,5,P,L,VUS
c.1384C>G,p.Q462E,462,Q,E,LB
c.116G>A,p.R39Q,39,R,Q,LB
c.338A>G,p.K113R,113,K,R,LB
c.2615A>C,p.K872T,872,K,T,VUS
c.870A>T,p.E290D,290,E,D,VUS
c.2093A>G,p.E698G,698,E,G,LB
c.605C>T,p.P202L,202,P,L,LB
c.549G>T,p.Q183H,183,Q,H,VUS
c.478C>G,p.Q160E,160,Q,E,LB
c.308A>T,p.Y103F,103,Y,F,VUS
c.2012A>T,p.N671I,671,N,I,LP
c.80C>G,p.P27R,27,P,R,LB
c.17A>G,p.K6R,6,K,R,VUS
c.452A>C,p.K151T,151,K,T,VUS
c.299T>C,p.V100A,100,V,A,VUS
c.2249T>C,p.L750S,750,L,S,VUS
c.1064G>T,p.R355I,355,R,I,VUS
c.1476G>A,p.M492I,492,M,I,LB
c.2060T>G,p.L687R,687,L,R,LP
c.2324G>T,p.G775V,775,G,V,VUS
c.721C>T,p.L241F,241,L,F,LB
c.2678A>G,p.Q893R,893,Q,R,LB
c.959C>G,p.T320S,320,T,S,VUS
c.658G>A,p.G220R,220,G,R,Unclassified
c.84G>T,p.E28D,28,E,D,VUS
c.1227G>T,p.Q409H,409,Q,H,VUS
c.902A>G,p.K301R,301,K,R,LB
c.2510C>T,p.P837L,837,P,L,VUS
c.2728C>A,p.Q910K,910,Q,K,VUS
c.1669A>T,p.T557S,557,T,S,LB
c.2272G>A,p.D758N,758,D,N,LB
c.1220T>G,p.L407R,407,L,R,VUS
c.2448G>T,p.Q816H,816,Q,H,Unclassified
c.2194A>T,p.T732S,732,T,S,VUS
c.1762T>G,p.Y588D,588,Y,D,VUS
c.319G>A,p.A107T,107,A,T,VUS
c.2794G>A,p.V932I,932,V,I,LB
c.167A>C,p.E56A,56,E,A,VUS
c.1841G>A,p.G614E,614,G,E,LB
c.632G>A,p.G211E,211,G,E,VUS
c.791A>C,p.Q264P,264,Q,P,VUS
c.1659C>G,p.N553K,553,N,K,VUS
c.719A>G,p.D240G,240,D,G,LB
c.1408G>T,p.V470L,470,V,L,LB
c.1621A>T,p.T541S,541,T,S,VUS
c.1726G>A,p.A576T,576,A,T,VUS
c.1426C>T,p.P476S,476,P,S,VUS
c.1605C>A,p.N535K,535,N,K,LB
c.1768G>A,p.E590K,590,E,K,VUS
c.1226A>G,p.Q409R,409,Q,R,VUS
c.735G>T,p.L245F,245,L,F,VUS
c.1735A>G,p.K579E,579,K,E,VUS
c.430T>C,p.S144P,144,S,P,VUS
c.1466A>G,p.E489G,489,E,G,B
c.628A>C,p.M210L,210,M,L,LB
c.199A>C,p.M67L,67,M,L,B
c.864G>C,p.Q288H,288,Q,H,VUS
c.2387C>A,p.T796N,796,T,N,VUS
c.2371G>A,p.A791T,791,A,T,VUS
c.1007C>T,p.P336L,336,P,L,VUS
c.2224G>T,p.D742Y,742,D,Y,VUS
c.2590G>A,p.D864N,864,D,N,VUS
c.2352T>G,p.F784L,784,F,L,VUS
c.419A>T,p.D140V,140,D,V,VUS
c.2077T>C,p.C693R,693,C,R,VUS
c.593A>G,p.E198G,198,E,G,Unclassified
c.1586A>G,p.E529G,529,E,G,VUS
c.2791A>G,p.K931E,931,K,E,LB
c.2738C>G,p.A913G,913,A,G,LB
c.2684C>A,p.P895H,895,P,H,VUS
c.779A>T,p.E260V,260,E,V,VUS
c.2379G>C,p.Q793H,793,Q,H,LB
c.593A>C,p.E198A,198,E,A,LP
c.1156G>A,p.D386N,386,D,N,LB
c.2646A>C,p.K882N,882,K,N,VUS
c.1792G>C,p.V598L,598,V,L,LB
c.1846C>A,p.P616T,616,P,T,LB
c.2135T>C,p.V712A,712,V,A,VUS
c.1068A>G,p.I356M,356,I,M,VUS
c.708C>A,p.D236E,236,D,E,VUS
c.1237C>G,p.Q413E,413,Q,E,VUS
c.1187G>T,p.R396I,396,R,I,VUS
c.584G>C,p.G195A,195,G,A,Unclassified
c.250A>C,p.N84H,84,N,H,VUS
c.1198A>C,p.N400H,400,N,H,LB
c.661G>A,p.G221R,221,G,R,VUS
c.274C>T,p.L92F,92,L,F,VUS
c.49G>T,p.V17F,17,V,F,Unclassified
c.1670C>T,p.T557I,557,T,I,LB
c.682A>G,p.K228E,228,K,E,VUS
c.144G>T,p.E48D,48,E,D,VUS
c.701C>A,p.T234K,234,T,K,LB
c.911T>C,p.I304T,304,I,T,LB
c.841T>A,p.S281T,281,S,T,VUS
c.251A>T,p.N84I,84,N,I,Unclassified
c.890G>C,p.S297T,297,S,T,LB
c.916G>C,p.A306P,306,A,P,Unclassified
c.783G>A,p.M261I,261,M,I,LB
c.2662C>A,p.L888M,888,L,M,VUS
c.345T>G,p.N115K,115,N,K,LB
c.560T>A,p.L187H,187,L,H,LP
c.1978G>A,p.D660N,660,D,N,Unclassified
c.2508C>G,p.F836L,836,F,L,Unclassified
c.1044G>C,p.Q348H,348,Q,H,Unclassified
c.560T>G,p.L187R,187,L,R,P
c.726C>G,p.N242K,242,N,K,LB
c.1883G>A,p.G628E,628,G,E,VUS
c.1007C>G,p.P336R,336,P,R,Unclassified
c.919G>C,p.V307L,307,V,L,Unclassified
c.941A>C,p.Q314P,314,Q,P,VUS
c.2453A>G,p.K818R,818,K,R,VUS
c.2618G>A,p.C873Y,873,C,Y,Unclassified
c.172T>C,p.F58L,58,F,L,LB
c.481G>T,p.V161F,161,V,F,VUS
c.1985A>C,p.Q662P,662,Q,P,VUS
c.386C>T,p.S129F,129,S,F,VUS
c.1640A>G,p.N547S,547,N,S,LB
c.752A>G,p.E251G,251,E,G,VUS
c.395A>T,p.E132V,132,E,V,VUS
c.422T>C,p.M141T,141,M,T,LB
c.710T>G,p.I237S,237,I,S,VUS
c.2042A>T,p.Q681L,681,Q,L,VUS
c.259T>C,p.S87P,87,S,P,VUS
c.1057A>C,p.K353Q,353,K,Q,LB
c.2390T>C,p.V797A,797,V,A,Unclassified
c.2759A>G,p.N920S,920,N,S,LB
c.1429A>T,p.N477Y,477,N,Y,LB
c.2518G>A,p.V840I,840,V,I,LB
c.188T>C,p.V63A,63,V,A,VUS
c.1453A>C,p.M485L,485,M,L,LB
c.1966T>A,p.Y656N,656,Y,N,B
c.2000T>A,p.I667N,667,I,N,Unclassified
c.427G>A,p.A143T,143,A,T,VUS
c.898A>G,p.M300V,300,M,V,LB
c.1549G>T,p.A517S,517,A,S,VUS
c.2404G>T,p.V802F,802,V,F,VUS
c.784G>A,p.E262K,262,E,K,VUS
c.1514T>C,p.L505S,505,L,S,VUS
c.826T>G,p.F276V,276,F,V,VUS
c.2633A>T,p.E878V,878,E,V,VUS
c.881T>C,p.F294S,294,F,S,VUS
c.617C>T,p.T206I,206,T,I,LB
c.2056G>A,p.V686I,686,V,I,VUS
c.1952T>A,p.I651N,651,I,N,Unclassified
c.2098G>A,p.A700T,700,A,T,VUS
c.1275A>C,p.E425D,425,E,D,VUS
c.2680A>T,p.M894L,894,M,L,LB
c.412A>G,p.N138D,138,N,D,VUS
c.2618G>C,p.C873S,873,C,S,Unclassified
c.1616T>G,p.F539C,539,F,C,VUS
c.1264G>A,p.E422K,422,E,K,VUS
c.1244C>A,p.P415H,415,P,H,LB
c.28C>A,p.Q10K,10,Q,K,VUS
c.247A>C,p.M83L,83,M,L,LB
c.269A>G,p.K90R,90,K,R,LB
c.2720A>G,p.K907R,907,K,R,VUS
c.2714C>A,p.T905K,905,T,K,VUS
c.1473G>T,p.K491N,491,K,N,LB
c.1655C>T,p.T552I,552,T,I,LB
c.629T>C,p.M210T,210,M,T,VUS
c.1303G>T,p.V435F,435,V,F,VUS
c.2215G>A,p.A739T,739,A,T,VUS
c.2629A>G,p.R877G,877,R,G,VUS
c.2045C>T,p.T682I,682,T,I,LB
c.2042A>C,p.Q681P,681,Q,P,LP
c.2264C>A,p.S755Y,755,S,Y,VUS
c.335C>G,p.S112C,112,S,C,VUS
c.970C>G,p.Q324E,324,Q,E,VUS
c.541A>G,p.N181D,181,N,D,LB
c.1978G>T,p.D660Y,660,D,Y,Unclassified
c.22A>G,p.T8A,8,T,A,Unclassified
c.2557G>A,p.E853K,853,E,K,VUS
c.2397T>A,p.N799K,799,N,K,VUS
c.1025T>C,p.V342A,342,V,A,VUS
c.1831G>T,p.V611L,611,V,L,LB
c.277C>T,p.L93F,93,L,F,VUS
c.1562A>G,p.Y521C,521,Y,C,VUS
c.160G>C,p.A54P,54,A,P,VUS
c.1712A>C,p.E571A,571,E,A,VUS
c.2524G>A,p.E842K,842,E,K,VUS
c.410G>T,p.G137V,137,G,V,VUS
c.1042C>G,p.Q348E,348,Q,E,VUS
c.376G>C,p.G126R,126,G,R,VUS
c.43G>A,p.A15T,15,A,T,LB
c.1232T>A,p.I411K,411,I,K,VUS
c.1617T>G,p.F539L,539,F,L,VUS
c.26T>C,p.L9P,9,L,P,VUS
c.2596A>T,p.M866L,866,M,L,B
c.2479G>A,p.G827R,827,G,R,VUS
c.194A>C,p.K65T,65,K,T,VUS
c.190A>G,p.I64V,64,I,V,B
c.926C>T,p.A309V,309,A,V,VUS
c.634A>G,p.K212E,212,K,E,Unclassified
c.757A>T,p.M253L,253,M,L,B
c.1118G>C,p.R373T,373,R,T,VUS
c.1685A>T,p.E562V,562,E,V,VUS
c.1233A>G,p.I411M,411,I,M,VUS
c.268A>G,p.K90E,90,K,E,VUS
c.697T>C,p.S233P,233,S,P,Unclassified
c.1610A>G,p.K537R,537,K,R,LB
c.2767G>A,p.V923I,923,V,I,LB
c.1106A>G,p.D369G,369,D,G,VUS
c.1375G>T,p.D459Y,459,D,Y,VUS
c.119G>A,p.G40D,40,G,D,LB
c.689C>A,p.A230D,230,A,D,VUS
c.2006G>C,p.G669A,669,G,A,VUS
c.2420C>T,p.T807I,807,T,I,VUS
c.316A>G,p.R106G,106,R,G,LB
c.2439G>C,p.M813I,813,M,I,LB
c.2767G>C,p.V923L,923,V,L,LB
c.1876G>C,p.E626Q,626,E,Q,VUS
c.367G>T,p.A123S,123,A,S,VUS
c.539A>C,p.D180A,180,D,A,VUS
c.2051T>C,p.V684A,684,V,A,VUS
c.1342T>C,p.S448P,448,S,P,VUS
c.2299T>G,p.S767A,767,S,A,VUS
c.2523A>G,p.I841M,841,I,M,VUS
c.2371G>T,p.A791S,791,A,S,VUS
c.1319T>G,p.L440R,440,L,R,LP
c.916G>A,p.A306T,306,A,T,VUS
c.1672T>C,p.S558P,558,S,P,VUS
c.1580G>C,p.C527S,527,C,S,LB
c.1116G>T,p.L372F,372,L,F,VUS
c.1352A>G,p.Q451R,451,Q,R,LB
c.1266A>C,p.E422D,422,E,D,VUS
c.1013G>T,p.G338V,338,G,V,P
c.1697A>G,p.N566S,566,N,S,VUS
c.1766T>C,p.V589A,589,V,A,VUS
c.2344A>G,p.T782A,782,T,A,VUS
c.2467G>A,p.D823N,823,D,N,VUS
c.1235A>C,p.N412T,412,N,T,VUS
c.2535A>T,p.K845N,845,K,N,VUS
c.1745T>A,p.V582D,582,V,D,VUS
c.2242G>T,p.D748Y,748,D,Y,LP
c.979G>A,p.A327T,327,A,T,LB
c.1354G>C,p.E452Q,452,E,Q,VUS
c.1523G>T,p.G508V,508,G,V,Unclassified
c.1036A>G,p.I346V,346,I,V,VUS
c.2326G>A,p.A776T,776,A,T,LB
c.1037T>C,p.I346T,346,I,T,VUS
c.2570T>C,p.I857T,857,I,T,LB
c.1550C>T,p.A517V,517,A,V,VUS
c.2334C>G,p.C778W,778,C,W,VUS
c.179C>T,p.T60I,60,T,I,VUS
c.2704G>A,p.E902K,902,E,K,VUS
c.791A>T,p.Q264L,264,Q,L,VUS
c.1741A>G,p.I581V,581,I,V,LB
c.1054G>A,p.D352N,352,D,N,VUS
c.291G>T,p.Q97H,97,Q,H,VUS
c.1957A>C,p.N653H,653,N,H,VUS
c.1649A>T,p.K550I,550,K,I,VUS
c.445G>A,p.G149S,149,G,S,LB
c.2204T>G,p.I735S,735,I,S,VUS
c.1499C>T,p.A500V,500,A,V,VUS
c.1077A>T,p.R359S,359,R,S,P
c.1411A>C,p.K471Q,471,K,Q,Unclassified
c.1259C>T,p.A420V,420,A,V,LB
c.2128G>C,p.A710P,710,A,P,VUS
c.1322C>T,p.T441I,441,T,I,B
c.1725T>A,p.D575E,575,D,E,VUS
c.878C>G,p.T293S,293,T,S,Unclassified
c.2398C>G,p.L800V,800,L,V,LB
c.2269T>G,p.Y757D,757,Y,D,VUS
c.496G>A,p.V166M,166,V,M,LB
c.29A>T,p.Q10L,10,Q,L,Unclassified
c.47A>T,p.E16V,16,E,V,Unclassified
c.1179G>T,p.K393N,393,K,N,Unclassified
c.242G>A,p.S81N,81,S,N,LB
c.1232T>C,p.I411T,411,I,T,LB
c.1486T>G,p.L496V,496,L,V,LB
c.1383T>A,p.D461E,461,D,E,VUS
c.2383C>T,p.P795S,795,P,S,LB
c.627C>G,p.D209E,209,D,E,LB
c.275T>C,p.L92P,92,L,P,VUS
c.1321A>T,p.T441S,441,T,S,LB
c.2458G>C,p.G820R,820,G,R,VUS
c.281T>C,p.L94P,94,L,P,LB
c.524T>C,p.L175P,175,L,P,P
c.1029C>G,p.N343K,343,N,K,LB
c.1313C>G,p.T438S,438,T,S,VUS
c.676G>A,p.E226K,226,E,K,LB
c.670A>T,p.I224F,224,I,F,Unclassified
c.2393A>G,p.N798S,798,N,S,LB
c.2419A>T,p.T807S,807,T,S,LB
c.1195G>T,p.A399S,399,A,S,VUS
c.2657A>T,p.E886V,886,E,V,LB
c.1269A>T,p.K423N,423,K,N,VUS
c.838T>G,p.L280V,280,L,V,LB
c.2225A>T,p.D742V,742,D,V,LB
c.1450A>T,p.I484L,484,I,L,VUS
c.230G>T,p.S77I,77,S,I,LB
c.88C>T,p.P30S,30,P,S,LB
c.2573G>T,p.G858V,858,G,V,Unclassified
c.1856A>G,p.Y619C,619,Y,C,LB
c.1831G>C,p.V611L,611,V,L,LB
c.887T>G,p.F296C,296,F,C,LB
c.1376A>G,p.D459G,459,D,G,VUS
c.1030C>G,p.Q344E,344,Q,E,LB
c.7G>C,p.V3L,3,V,L,LB
c.55T>G,p.F19V,19,F,V,VUS
c.64T>G,p.F22V,22,F,V,Unclassified
c.71A>C,p.Q24P,24,Q,P,LB
c.177G>T,p.K59N,59,K,N,Unclassified
c.317G>T,p.R106I,106,R,I,Unclassified
c.1159C>A,p.L387I,387,L,I,Unclassified
c.1207G>T,p.D403Y,403,D,Y,Unclassified
c.1208A>T,p.D403V,403,D,V,Unclassified
c.1211G>T,p.C404F,404,C,F,Unclassified
c.2264C>T,p.S755F,755,S,F,VUS
c.1763A>G,p.Y588C,588,Y,C,VUS
c.145G>T,p.D49Y,49,D,Y,VUS
c.227A>G,p.Q76R,76,Q,R,Unclassified
c.1185A>C,p.Q395H,395,Q,H,LB
c.1510G>T,p.G504C,504,G,C,VUS
c.2798C>G,p.T933S,933,T,S,LB
c.2587T>C,p.Y863H,863,Y,H,LB
c.1739A>C,p.E580A,580,E,A,LB
c.1792G>T,p.V598L,598,V,L,Unclassified
c.1791T>A,p.D597E,597,D,E,LB
c.566C>T,p.A189V,189,A,V,LB
c.755A>T,p.Q252L,252,Q,L,LB
c.1797A>C,p.L599F,599,L,F,Unclassified
c.1798G>A,p.A600T,600,A,T,Unclassified
c.358G>T,p.A120S,120,A,S,LB
c.2648T>A,p.I883N,883,I,N,LB
c.2243A>T,p.D748V,748,D,V,VUS
c.745A>G,p.K249E,249,K,E,LB
c.1086A>T,p.L362F,362,L,F,Unclassified
c.1498G>C,p.A500P,500,A,P,LP
c.202G>T,p.G68W,68,G,W,LB
c.1035G>C,p.W345C,345,W,C,LP
c.1985A>G,p.Q662R,662,Q,R,LB
c.2470C>A,p.Q824K,824,Q,K,Unclassified
c.2798C>A,p.T933N,933,T,N,Unclassified
c.200T>G,p.M67R,67,M,R,Unclassified
c.23C>A,p.T8K,8,T,K,VUS
c.1930G>A,p.V644I,644,V,I,LB
c.1037T>A,p.I346N,346,I,N,Unclassified
c.995A>G,p.K332R,332,K,R,LB
c.82G>A,p.E28K,28,E,K,VUS
c.616A>T,p.T206S,206,T,S,LB
c.403C>A,p.L135I,135,L,I,LB
c.249G>C,p.M83I,83,M,I,VUS
c.1055A>G,p.D352G,352,D,G,VUS
c.1232T>G,p.I411R,411,I,R,LP
c.1688A>G,p.Y563C,563,Y,C,LB
c.1673C>A,p.S558Y,558,S,Y,LB
c.86A>C,p.K29T,29,K,T,Unclassified
c.1293A>T,p.L431F,431,L,F,Unclassified
c.1109C>T,p.A370V,370,A,V,LB
c.1721A>C,p.Q574P,574,Q,P,LP
c.982G>T,p.A328S,328,A,S,LB
c.332C>G,p.A111G,111,A,G,LB
c.1336G>C,p.D446H,446,D,H,LB
c.2234T>C,p.I745T,745,I,T,VUS
c.95C>T,p.T32I,32,T,I,LB
c.296G>T,p.R99I,99,R,I,LB
c.1069G>A,p.E357K,357,E,K,VUS
c.2045C>G,p.T682S,682,T,S,LB
c.736A>C,p.K246Q,246,K,Q,LB
c.2358A>T,p.E786D,786,E,D,Unclassified
c.1948T>C,p.F650L,650,F,L,LB
c.463G>A,p.V155I,155,V,I,LB
c.1832T>C,p.V611A,611,V,A,LB
c.1241T>G,p.L414R,414,L,R,VUS
c.884A>G,p.D295G,295,D,G,LB
c.882T>G,p.F294L,294,F,L,Unclassified
c.568C>G,p.L190V,190,L,V,LB
c.1615T>A,p.F539I,539,F,I,LB
c.874A>G,p.T292A,292,T,A,LB
c.1972G>C,p.E658Q,658,E,Q,LB
c.229A>G,p.S77G,77,S,G,VUS
c.328A>G,p.K110E,110,K,E,VUS
c.1246A>G,p.N416D,416,N,D,VUS
c.1593A>C,p.K531N,531,K,N,VUS
c.662G>A,p.G221E,221,G,E,VUS
c.1334C>G,p.S445C,445,S,C,VUS
c.1361T>A,p.I454K,454,I,K,LP
c.1067T>G,p.I356R,356,I,R,P
c.1760G>C,p.G587A,587,G,A,VUS
c.577C>A,p.Q193K,193,Q,K,LB
c.383T>C,p.L128P,128,L,P,LB
c.2338T>C,p.F780L,780,F,L,LB
c.1520C>T,p.P507L,507,P,L,LB
c.385T>C,p.S129P,129,S,P,LB
c.2366C>G,p.A789G,789,A,G,LB
c.2240T>C,p.I747T,747,I,T,VUS
c.884A>C,p.D295A,295,D,A,LB
c.2462T>A,p.V821D,821,V,D,Unclassified
c.871C>G,p.L291V,291,L,V,LB
c.635A>G,p.K212R,212,K,R,LB
c.348T>A,p.D116E,116,D,E,VUS
c.1751T>C,p.I584T,584,I,T,LB
c.1709A>T,p.Y570F,570,Y,F,LB
c.2108C>T,p.S703F,703,S,F,VUS
c.1327C>T,p.L443F,443,L,F,Unclassified
c.2394T>G,p.N798K,798,N,K,LB
c.1895T>G,p.I632S,632,I,S,LB
c.2071A>G,p.I691V,691,I,V,LB
c.2263T>A,p.S755T,755,S,T,VUS
c.142G>C,p.E48Q,48,E,Q,LB
c.2339T>C,p.F780S,780,F,S,VUS
c.1816G>A,p.V606I,606,V,I,LB
c.2186T>C,p.M729T,729,M,T,Unclassified
c.1321A>G,p.T441A,441,T,A,LB
c.178A>T,p.T60S,60,T,S,LB
c.2157G>T,p.L719F,719,L,F,LB
c.1085T>C,p.L362S,362,L,S,LB
c.445G>C,p.G149R,149,G,R,LP
c.1611A>C,p.K537N,537,K,N,LB
c.100G>C,p.V34L,34,V,L,LB
c.689C>G,p.A230G,230,A,G,Unclassified
c.1622C>A,p.T541N,541,T,N,LB
c.2001T>G,p.I667M,667,I,M,LB
c.1103A>G,p.E368G,368,E,G,LB
c.1678A>G,p.N560D,560,N,D,LB
c.115C>G,p.R39G,39,R,G,VUS
c.130A>C,p.T44P,44,T,P,Unclassified
c.152T>G,p.L51R,51,L,R,Unclassified
c.155T>G,p.L52R,52,L,R,Unclassified
c.199A>T,p.M67L,67,M,L,B
c.418G>T,p.D140Y,140,D,Y,Unclassified
c.433A>T,p.I145F,145,I,F,LB
c.518T>A,p.L173Q,173,L,Q,Unclassified
c.572T>A,p.L191H,191,L,H,Unclassified
c.594A>T,p.E198D,198,E,D,Unclassified
c.764G>T,p.S255I,255,S,I,Unclassified
c.955G>T,p.D319Y,319,D,Y,Unclassified
c.971A>T,p.Q324L,324,Q,L,Unclassified
c.1182T>A,p.F394L,394,F,L,Unclassified
c.1299G>T,p.L433F,433,L,F,Unclassified
c.1367C>A,p.T456K,456,T,K,Unclassified
c.1614C>A,p.N538K,538,N,K,Unclassified
c.1655C>A,p.T552N,552,T,N,Unclassified
c.1662C>A,p.S554R,554,S,R,Unclassified
c.1945G>T,p.A649S,649,A,S,Unclassified
c.2071A>T,p.I691F,691,I,F,Unclassified
c.2110A>T,p.I704F,704,I,F,Unclassified
c.2508C>A,p.F836L,836,F,L,Unclassified
c.2711T>A,p.I904N,904,I,N,Unclassified
c.2721G>T,p.K907N,907,K,N,LB
c.1367C>G,p.T456R,456,T,R,LB
c.1459G>A,p.D487N,487,D,N,VUS
c.887T>C,p.F296S,296,F,S,LB
c.325A>G,p.N109D,109,N,D,LB
c.2585G>A,p.G862E,862,G,E,LB
c.1234A>C,p.N412H,412,N,H,LB
c.1676T>C,p.L559S,559,L,S,LB
c.883G>T,p.D295Y,295,D,Y,LB
c.131C>T,p.T44M,44,T,M,VUS
c.1955C>G,p.P652R,652,P,R,LB
c.510G>C,p.Q170H,170,Q,H,LB
c.1555T>C,p.F519L,519,F,L,LB
c.2606C>G,p.A869G,869,A,G,LB
c.283G>A,p.V95I,95,V,I,LB
c.2497C>T,p.L833F,833,L,F,LB
c.895T>A,p.Y299N,299,Y,N,LB
c.2363C>G,p.T788S,788,T,S,VUS
c.164G>C,p.R55P,55,R,P,VUS
c.1433T>G,p.L478R,478,L,R,LP
c.1492A>G,p.S498G,498,S,G,LB
c.448G>T,p.V150F,150,V,F,LB
c.365A>C,p.K122T,122,K,T,LB
c.2620T>C,p.Y874H,874,Y,H,LB
c.863A>G,p.Q288R,288,Q,R,LB
c.832G>A,p.E278K,278,E,K,LB
c.365A>G,p.K122R,122,K,R,Unclassified
c.1855T>C,p.Y619H,619,Y,H,LB
c.1113A>C,p.E371D,371,E,D,LB
c.956A>G,p.D319G,319,D,G,LB
c.2070A>T,p.Q690H,690,Q,H,LB
c.1748A>C,p.N583T,583,N,T,LB
c.592G>C,p.E198Q,198,E,Q,VUS
c.1080G>T,p.L360F,360,L,F,VUS
c.2637A>C,p.Q879H,879,Q,H,LB
c.2646A>T,p.K882N,882,K,N,LB
c.2549A>G,p.E850G,850,E,G,LB
c.2162G>A,p.G721E,721,G,E,LB
c.185G>T,p.G62V,62,G,V,LB
c.1673C>T,p.S558F,558,S,F,LB
c.460G>C,p.A154P,154,A,P,LB
c.39C>G,p.S13R,13,S,R,LB
c.149C>T,p.A50V,50,A,V,LB
c.2345C>T,p.T782I,782,T,I,VUS
c.865T>C,p.F289L,289,F,L,LB
c.622G>C,p.G208R,208,G,R,Unclassified
c.1942A>G,p.I648V,648,I,V,B
c.932A>C,p.N311T,311,N,T,LB
c.1917T>A,p.H639Q,639,H,Q,LB
c.1868C>T,p.A623V,623,A,V,B
c.1939G>A,p.E647K,647,E,K,LB
c.1837A>T,p.N613Y,613,N,Y,LB
c.148G>A,p.A50T,50,A,T,VUS
c.1109C>G,p.A370G,370,A,G,LB
c.410G>C,p.G137A,137,G,A,VUS
c.1600C>A,p.R534S,534,R,S,LB
c.1177A>C,p.K393Q,393,K,Q,VUS
c.52G>A,p.G18S,18,G,S,LB
c.1451T>C,p.I484T,484,I,T,LB
c.1906G>A,p.A636T,636,A,T,B
c.169G>A,p.V57M,57,V,M,LB
c.92C>G,p.T31S,31,T,S,LB
c.1552C>G,p.Q518E,518,Q,E,LB
c.2152C>G,p.Q718E,718,Q,E,LB
c.1310T>A,p.V437E,437,V,E,LB
c.947C>G,p.S316C,316,S,C,Unclassified
c.83A>C,p.E28A,28,E,A,LB
c.2491G>T,p.A831S,831,A,S,LB
c.1186A>G,p.R396G,396,R,G,LB
c.212G>A,p.G71E,71,G,E,LB
c.598G>T,p.V200F,200,V,F,VUS
c.1821C>G,p.S607R,607,S,R,LB
c.1904A>C,p.K635T,635,K,T,LB
c.94A>C,p.T32P,32,T,P,LB
c.312G>T,p.K104N,104,K,N,LB
c.971A>G,p.Q324R,324,Q,R,Unclassified
c.373C>T,p.P125S,125,P,S,LB
c.2091T>G,p.C697W,697,C,W,LP
c.2219C>G,p.T740S,740,T,S,LB
c.2191G>A,p.E731K,731,E,K,VUS
c.313A>G,p.N105D,105,N,D,VUS
c.1074G>C,p.E358D,358,E,D,LB
c.886T>C,p.F296L,296,F,L,LB
c.1868C>A,p.A623D,623,A,D,Unclassified
c.1123A>G,p.T375A,375,T,A,VUS
c.619G>A,p.A207T,207,A,T,LB
c.526T>G,p.C176G,176,C,G,VUS
c.2353C>G,p.H785D,785,H,D,LB
c.2180C>T,p.A727V,727,A,V,LB
c.91A>G,p.T31A,31,T,A,LB
c.244A>G,p.K82E,82,K,E,LB
c.86A>G,p.K29R,29,K,R,LB
c.1474A>T,p.M492L,492,M,L,LB
c.442G>A,p.V148M,148,V,M,LB
c.538G>A,p.D180N,180,D,N,VUS
c.1239A>C,p.Q413H,413,Q,H,VUS
c.107T>G,p.L36R,36,L,R,Unclassified
c.219G>T,p.K73N,73,K,N,Unclassified
c.1191A>C,p.Q397H,397,Q,H,Unclassified
c.1324G>T,p.D442Y,442,D,Y,Unclassified
c.1754C>A,p.S585Y,585,S,Y,Unclassified
c.554C>A,p.S185Y,185,S,Y,LB
c.49G>C,p.V17L,17,V,L,LB
c.18G>T,p.K6N,6,K,N,LB
c.61C>G,p.R21G,21,R,G,LB
c.2258G>T,p.G753V,753,G,V,VUS
c.2743G>A,p.V915I,915,V,I,LB
c.1003A>T,p.T335S,335,T,S,LB
c.2783C>T,p.S928L,928,S,L,LB
c.1208A>G,p.D403G,403,D,G,LB
c.2755A>C,p.N919H,919,N,H,VUS
c.812C>T,p.S271F,271,S,F,LB
c.1350T>G,p.F450L,450,F,L,VUS
c.1715A>T,p.E572V,572,E,V,Unclassified
c.1099G>T,p.V367L,367,V,L,Unclassified
c.1963G>T,p.V655L,655,V,L,LB
c.1867G>A,p.A623T,623,A,T,LB
c.491G>C,p.G164A,164,G,A,VUS
c.2525A>G,p.E842G,842,E,G,LB
c.799G>C,p.V267L,267,V,L,LB
c.253T>G,p.F85V,85,F,V,LB
c.2776A>G,p.I926V,926,I,V,LB
c.545A>T,p.D182V,182,D,V,Unclassified
c.2401C>T,p.H801Y,801,H,Y,LB
c.827T>G,p.F276C,276,F,C,VUS
c.1364A>C,p.E455A,455,E,A,LB
c.18G>C,p.K6N,6,K,N,LB
c.2365G>A,p.A789T,789,A,T,LB
c.295A>G,p.R99G,99,R,G,LB
c.1300G>A,p.A434T,434,A,T,LB
c.1172C>G,p.A391G,391,A,G,LB
c.836T>A,p.L279H,279,L,H,LB
c.836T>G,p.L279R,279,L,R,VUS
c.1753T>G,p.S585A,585,S,A,LB
c.1351C>G,p.Q451E,451,Q,E,LB
c.1096T>G,p.F366V,366,F,V,LB
c.1532T>C,p.I511T,511,I,T,LB
c.564G>C,p.E188D,188,E,D,LB
c.52G>C,p.G18R,18,G,R,LB
c.250A>T,p.N84Y,84,N,Y,LB
c.1382A>G,p.D461G,461,D,G,VUS
c.201G>C,p.M67I,67,M,I,LB
c.875C>T,p.T292I,292,T,I,LB
c.184G>C,p.G62R,62,G,R,LB
c.1721A>G,p.Q574R,574,Q,R,VUS
c.592G>A,p.E198K,198,E,K,LP
c.587C>G,p.P196R,196,P,R,VUS
c.80C>A,p.P27Q,27,P,Q,LB
c.185G>C,p.G62A,62,G,A,LB
c.1750A>G,p.I584V,584,I,V,LB
c.1364A>G,p.E455G,455,E,G,LB
c.2276G>C,p.G759A,759,G,A,VUS
c.1594G>C,p.V532L,532,V,L,LB
c.2734A>C,p.K912Q,912,K,Q,LB
c.553T>C,p.S185P,185,S,P,LB
c.26T>G,p.L9R,9,L,R,LB
c.1914G>T,p.R638S,638,R,S,LB
c.583G>C,p.G195R,195,G,R,LB
c.251A>G,p.N84S,84,N,S,LB
c.1780A>T,p.T594S,594,T,S,LB
c.1700A>C,p.K567T,567,K,T,LB
c.1930G>T,p.V644F,644,V,F,LB
c.59T>C,p.V20A,20,V,A,VUS
c.496G>C,p.V166L,166,V,L,LB
c.457T>G,p.S153A,153,S,A,LB
c.2728C>G,p.Q910E,910,Q,E,LB
c.238C>T,p.L80F,80,L,F,LB
c.2347C>T,p.H783Y,783,H,Y,VUS
c.2350T>C,p.F784L,784,F,L,LB
c.562G>A,p.E188K,188,E,K,LB
c.2246A>T,p.E749V,749,E,V,Unclassified
c.1662C>G,p.S554R,554,S,R,LB
c.1573G>T,p.V525L,525,V,L,LB
c.53G>C,p.G18A,18,G,A,LB
c.466G>A,p.D156N,156,D,N,Unclassified
c.1628A>C,p.D543A,543,D,A,LB
c.38G>C,p.S13T,13,S,T,LB
c.2194A>G,p.T732A,732,T,A,Unclassified
c.2517T>G,p.H839Q,839,H,Q,LB
c.793G>T,p.V265F,265,V,F,LB
c.1187G>A,p.R396K,396,R,K,LB
c.2709C>G,p.N903K,903,N,K,LB
c.953A>G,p.E318G,318,E,G,LB
c.263T>C,p.F88S,88,F,S,LB
c.2417C>G,p.T806S,806,T,S,VUS
c.1285C>G,p.Q429E,429,Q,E,LB
c.35A>C,p.E12A,12,E,A,LB
c.272A>C,p.D91A,91,D,A,LB
c.1826C>G,p.A609G,609,A,G,VUS
c.1822T>C,p.F608L,608,F,L,LB
c.2497C>G,p.L833V,833,L,V,LB
c.310A>G,p.K104E,104,K,E,LB
c.467A>G,p.D156G,156,D,G,VUS
c.2516A>T,p.H839L,839,H,L,LB
c.962C>G,p.T321S,321,T,S,B
c.2359C>T,p.L787F,787,L,F,VUS
c.193A>G,p.K65E,65,K,E,LB
c.2630G>A,p.R877K,877,R,K,LB
c.579G>C,p.Q193H,193,Q,H,LB
c.949G>A,p.V317I,317,V,I,LB
c.164G>T,p.R55L,55,R,L,VUS
c.1209T>G,p.D403E,403,D,E,LB
c.2013T>A,p.N671K,671,N,K,LP
c.731T>G,p.L244W,244,L,W,VUS
c.531A>T,p.E177D,177,E,D,VUS
c.886T>A,p.F296I,296,F,I,Unclassified
c.206C>T,p.P69L,69,P,L,VUS
c.1918G>T,p.A640S,640,A,S,LB
c.1059G>C,p.K353N,353,K,N,LB
c.546T>A,p.D182E,182,D,E,VUS
c.1795T>G,p.L599V,599,L,V,LB
c.1236T>A,p.N412K,412,N,K,VUS
c.2540A>C,p.K847T,847,K,T,VUS
c.1288A>C,p.K430Q,430,K,Q,LB
c.400A>G,p.I134V,134,I,V,LB
c.2087C>A,p.P696Q,696,P,Q,LP
c.1414C>A,p.P472T,472,P,T,LB
c.1432C>G,p.L478V,478,L,V,VUS
c.2086C>G,p.P696A,696,P,A,VUS
c.1771C>G,p.P591A,591,P,A,LB
c.2T>A,p.M1K,1,M,K,VUS
c.260C>T,p.S87F,87,S,F,LB
c.2707A>G,p.N903D,903,N,D,B
c.2206C>G,p.L736V,736,L,V,VUS
c.1369A>G,p.T457A,457,T,A,VUS
c.366G>C,p.K122N,122,K,N,LP
c.1205A>G,p.Q402R,402,Q,R,VUS
c.808C>G,p.L270V,270,L,V,VUS
c.709A>T,p.I237F,237,I,F,LB
c.1066A>G,p.I356V,356,I,V,VUS
c.950T>C,p.V317A,317,V,A,LB
c.2153A>G,p.Q718R,718,Q,R,VUS
c.2569A>C,p.I857L,857,I,L,LB
c.1427C>G,p.P476R,476,P,R,VUS
c.2579C>G,p.S860W,860,S,W,LB
c.917C>T,p.A306V,306,A,V,VUS
c.1762T>C,p.Y588H,588,Y,H,VUS
c.1994A>G,p.H665R,665,H,R,LB
c.630G>A,p.M210I,210,M,I,LB
c.1984C>G,p.Q662E,662,Q,E,LB
c.197A>G,p.Y66C,66,Y,C,LB
c.10C>G,p.Q4E,4,Q,E,VUS
c.2068C>G,p.Q690E,690,Q,E,VUS
c.1547G>C,p.S516T,516,S,T,LB
c.2095T>C,p.S699P,699,S,P,VUS
c.2488G>A,p.V830I,830,V,I,LB
c.646A>T,p.I216L,216,I,L,VUS
c.2506T>A,p.F836I,836,F,I,LB
c.799G>T,p.V267F,267,V,F,LB
c.2384C>A,p.P795Q,795,P,Q,VUS
c.167A>G,p.E56G,56,E,G,LB
c.863A>C,p.Q288P,288,Q,P,VUS
c.1193C>T,p.A398V,398,A,V,LB
c.1404C>G,p.F468L,468,F,L,LB
c.1228G>A,p.G410S,410,G,S,LB
c.717G>T,p.Q239H,239,Q,H,LB
c.2477T>C,p.F826S,826,F,S,VUS
c.2008C>A,p.P670T,670,P,T,VUS
c.220A>T,p.N74Y,74,N,Y,LB
c.581T>A,p.I194N,194,I,N,LB
c.1691C>T,p.T564I,564,T,I,Unclassified
c.1770A>T,p.E590D,590,E,D,Unclassified
c.2168C>T,p.S723F,723,S,F,LP
c.1752T>G,p.I584M,584,I,M,LB
c.1829A>G,p.H610R,610,H,R,VUS
c.922A>G,p.R308G,308,R,G,LB
c.2083G>T,p.V695L,695,V,L,VUS
c.2635C>G,p.Q879E,879,Q,E,LB
c.1359G>T,p.M453I,453,M,I,VUS
c.170T>G,p.V57G,57,V,G,VUS
c.770T>C,p.V257A,257,V,A,LB
c.823A>C,p.K275Q,275,K,Q,B
c.826T>A,p.F276I,276,F,I,LB
c.2695A>C,p.M899L,899,M,L,LB
c.1039A>C,p.K347Q,347,K,Q,VUS
c.21G>C,p.E7D,7,E,D,LB
c.1073A>T,p.E358V,358,E,V,Unclassified
c.1210T>C,p.C404R,404,C,R,VUS
c.53G>T,p.G18V,18,G,V,Unclassified
c.112G>A,p.D38N,38,D,N,Unclassified
c.414C>G,p.N138K,138,N,K,VUS
c.1123A>T,p.T375S,375,T,S,B
c.857T>C,p.F286S,286,F,S,VUS
c.1523G>A,p.G508D,508,G,D,VUS
c.1813G>C,p.V605L,605,V,L,LB
c.2030C>T,p.T677I,677,T,I,VUS
c.430T>G,p.S144A,144,S,A,LB
c.2054T>C,p.I685T,685,I,T,VUS
c.590A>T,p.K197M,197,K,M,Unclassified
c.2608G>A,p.A870T,870,A,T,Unclassified
c.2609C>A,p.A870E,870,A,E,LB
c.1383T>G,p.D461E,461,D,E,VUS
c.1333T>A,p.S445T,445,S,T,VUS
c.1144C>G,p.R382G,382,R,G,VUS
c.1981A>G,p.K661E,661,K,E,LB
c.2070A>C,p.Q690H,690,Q,H,VUS
c.2282G>A,p.G761E,761,G,E,LP
c.943G>A,p.G315S,315,G,S,LB
c.552C>A,p.F184L,184,F,L,LB
c.351G>C,p.W117C,117,W,C,VUS
c.226C>G,p.Q76E,76,Q,E,LB
c.2774A>G,p.E925G,925,E,G,LB
c.1171G>C,p.A391P,391,A,P,VUS
c.1264G>C,p.E422Q,422,E,Q,LB
c.2447A>T,p.Q816L,816,Q,L,LB
c.1190A>C,p.Q397P,397,Q,P,LB
c.580A>T,p.I194F,194,I,F,Unclassified
c.1484C>A,p.T495K,495,T,K,LB
c.373C>A,p.P125T,125,P,T,VUS
c.137A>C,p.H46P,46,H,P,VUS
c.547C>G,p.Q183E,183,Q,E,LB
c.2356G>A,p.E786K,786,E,K,VUS
c.2125T>G,p.L709V,709,L,V,VUS
c.1951A>C,p.I651L,651,I,L,VUS
c.2595C>G,p.I865M,865,I,M,VUS
c.2501C>G,p.A834G,834,A,G,VUS
c.2218A>T,p.T740S,740,T,S,LB
c.289C>G,p.Q97E,97,Q,E,LB
c.1296G>C,p.L432F,432,L,F,LB
c.1780A>G,p.T594A,594,T,A,LB
c.2371G>C,p.A791P,791,A,P,VUS
c.572T>C,p.L191P,191,L,P,Unclassified
c.2737G>T,p.A913S,913,A,S,VUS
c.778G>C,p.E260Q,260,E,Q,LB
c.1348T>C,p.F450L,450,F,L,VUS
c.1961A>T,p.D654V,654,D,V,VUS
c.1577C>G,p.T526S,526,T,S,LB
c.456G>A,p.M152I,152,M,I,LB
c.559C>G,p.L187V,187,L,V,Unclassified
c.1630A>T,p.I544F,544,I,F,LB
c.2443T>C,p.Y815H,815,Y,H,VUS
c.830T>C,p.L277S,277,L,S,VUS
c.152T>C,p.L51P,51,L,P,LB
c.2482A>G,p.I828V,828,I,V,LB
c.694T>C,p.F232L,232,F,L,VUS
c.1380G>A,p.M460I,460,M,I,LB
c.431C>G,p.S144C,144,S,C,LB
c.192C>G,p.I64M,64,I,M,LB
c.1529A>C,p.Q510P,510,Q,P,LB
c.1844C>T,p.A615V,615,A,V,VUS
c.949G>T,p.V317F,317,V,F,LB
c.163C>T,p.R55W,55,R,W,VUS
c.281T>A,p.L94Q,94,L,Q,VUS
c.1444A>G,p.R482G,482,R,G,Unclassified
c.130A>T,p.T44S,44,T,S,VUS
c.470G>T,p.G157V,157,G,V,VUS
c.397G>C,p.D133H,133,D,H,LB
c.2448G>C,p.Q816H,816,Q,H,VUS
c.2374A>C,p.N792H,792,N,H,VUS
c.2179G>T,p.A727S,727,A,S,Unclassified
c.740G>A,p.G247D,247,G,D,LB
c.1081A>T,p.N361Y,361,N,Y,Unclassified
c.190A>T,p.I64F,64,I,F,LB
c.1132G>A,p.E378K,378,E,K,VUS
c.278T>C,p.L93P,93,L,P,VUS
c.539A>G,p.D180G,180,D,G,LB
c.1145G>T,p.R382L,382,R,L,VUS
c.689C>T,p.A230V,230,A,V,LB
c.1830C>G,p.H610Q,610,H,Q,LB
c.1288A>G,p.K430E,430,K,E,LB
c.630G>T,p.M210I,210,M,I,Unclassified
c.1053G>A,p.M351I,351,M,I,Unclassified
c.2527T>C,p.C843R,843,C,R,LB
c.728G>T,p.R243L,243,R,L,VUS
c.2015T>C,p.M672T,672,M,T,VUS
c.1883G>T,p.G628V,628,G,V,VUS
c.1363G>C,p.E455Q,455,E,Q,VUS
c.1093G>A,p.A365T,365,A,T,LB
c.973T>A,p.S325T,325,S,T,VUS
c.2236A>G,p.I746V,746,I,V,LB
c.1744G>C,p.V582L,582,V,L,VUS
c.534C>A,p.F178L,178,F,L,VUS
c.1280A>G,p.K427R,427,K,R,LB
c.250A>G,p.N84D,84,N,D,VUS
c.889A>T,p.S297C,297,S,C,Unclassified
c.1595T>A,p.V532D,532,V,D,Unclassified
c.891C>A,p.S297R,297,S,R,Unclassified
c.2690C>T,p.T897I,897,T,I,LB
c.217A>C,p.K73Q,73,K,Q,LB
c.2077T>A,p.C693S,693,C,S,Unclassified
c.2204T>C,p.I735T,735,I,T,VUS
c.1677A>C,p.L559F,559,L,F,LB
c.2746A>G,p.I916V,916,I,V,LB
c.574A>T,p.I192F,192,I,F,VUS
c.79C>G,p.P27A,27,P,A,LB
c.2655G>C,p.Q885H,885,Q,H,VUS
c.1958A>G,p.N653S,653,N,S,LB
c.248T>C,p.M83T,83,M,T,LB
c.1276G>A,p.G426R,426,G,R,P
c.2247A>T,p.E749D,749,E,D,VUS
c.2359C>G,p.L787V,787,L,V,VUS
c.931A>G,p.N311D,311,N,D,LB
c.1490T>C,p.I497T,497,I,T,LB
c.643C>G,p.Q215E,215,Q,E,Unclassified
c.824A>T,p.K275M,275,K,M,Unclassified
c.1337A>T,p.D446V,446,D,V,VUS
c.126C>A,p.F42L,42,F,L,LB
c.1604A>G,p.N535S,535,N,S,Unclassified
c.516A>T,p.K172N,172,K,N,LB
c.103C>T,p.R35C,35,R,C,VUS
c.49G>A,p.V17I,17,V,I,B
c.2020G>C,p.G674R,674,G,R,P
c.1235A>G,p.N412S,412,N,S,LB
c.1732G>C,p.V578L,578,V,L,VUS
c.578A>G,p.Q193R,193,Q,R,LB
c.393T>G,p.F131L,131,F,L,VUS
c.509A>C,p.Q170P,170,Q,P,VUS
c.1483A>T,p.T495S,495,T,S,VUS
c.1319T>A,p.L440H,440,L,H,VUS
c.43G>C,p.A15P,15,A,P,LB
c.40G>C,p.A14P,14,A,P,LB
c.1166G>T,p.R389L,389,R,L,VUS
c.2175C>G,p.F725L,725,F,L,VUS
c.1916A>G,p.H639R,639,H,R,VUS
c.1995C>G,p.H665Q,665,H,Q,LB
c.1065A>C,p.R355S,355,R,S,LB
c.2528G>T,p.C843F,843,C,F,LB
c.1330C>T,p.R444C,444,R,C,LB
c.2603C>G,p.P868R,868,P,R,VUS
c.1507C>G,p.L503V,503,L,V,LB
c.346G>C,p.D116H,116,D,H,LB
c.2275G>A,p.G759R,759,G,R,VUS
c.13C>G,p.P5A,5,P,A,LB
c.1343C>T,p.S448F,448,S,F,VUS
c.548A>G,p.Q183R,183,Q,R,LB
c.734T>G,p.L245W,245,L,W,VUS
c.1986G>T,p.Q662H,662,Q,H,LB
c.2465G>A,p.C822Y,822,C,Y,VUS
c.382C>A,p.L128I,128,L,I,LB
c.1417T>G,p.S473A,473,S,A,LB
c.1345A>G,p.K449E,449,K,E,VUS
c.1591A>G,p.K531E,531,K,E,VUS
c.2177T>C,p.M726T,726,M,T,VUS
c.1650A>C,p.K550N,550,K,N,LB
c.2591A>G,p.D864G,864,D,G,LB
c.2588A>G,p.Y863C,863,Y,C,B
c.2374A>G,p.N792D,792,N,D,B
c.2137G>A,p.G713R,713,G,R,VUS
c.1179G>C,p.K393N,393,K,N,LB
c.2207T>G,p.L736R,736,L,R,VUS
c.1996A>G,p.I666V,666,I,V,LB
c.1122G>T,p.Q374H,374,Q,H,VUS
c.1510G>A,p.G504S,504,G,S,VUS
c.636A>T,p.K212N,212,K,N,VUS
c.1229G>A,p.G410D,410,G,D,VUS
c.1205A>C,p.Q402P,402,Q,P,VUS
c.1955C>T,p.P652L,652,P,L,VUS
c.800T>C,p.V267A,267,V,A,LB
c.1377T>A,p.D459E,459,D,E,VUS
c.374C>A,p.P125H,125,P,H,VUS
c.2048G>A,p.G683E,683,G,E,VUS
c.293A>G,p.Y98C,98,Y,C,VUS
c.912T>G,p.I304M,304,I,M,LB
c.910A>G,p.I304V,304,I,V,LB
c.1052T>C,p.M351T,351,M,T,LB
c.2192A>G,p.E731G,731,E,G,VUS
c.670A>G,p.I224V,224,I,V,LB
c.358G>C,p.A120P,120,A,P,VUS
c.1916A>C,p.H639P,639,H,P,VUS
c.2696T>A,p.M899K,899,M,K,VUS
c.2029A>T,p.T677S,677,T,S,Unclassified
c.115C>T,p.R39W,39,R,W,VUS
c.1657A>G,p.N553D,553,N,D,LB
c.1144C>A,p.R382S,382,R,S,VUS
c.370T>A,p.S124T,124,S,T,VUS
c.1554G>C,p.Q518H,518,Q,H,LB
c.1427C>T,p.P476L,476,P,L,VUS
c.2778C>G,p.I926M,926,I,M,VUS
c.2785C>G,p.R929G,929,R,G,LB
c.1688A>T,p.Y563F,563,Y,F,Unclassified
c.2725A>C,p.K909Q,909,K,Q,LB
c.1325A>G,p.D442G,442,D,G,VUS
c.1195G>A,p.A399T,399,A,T,LB
c.2286A>T,p.L762F,762,L,F,Unclassified
c.2332T>C,p.C778R,778,C,R,Unclassified
c.2789T>A,p.I930K,930,I,K,LB
c.1553A>T,p.Q518L,518,Q,L,LB
c.713A>T,p.Y238F,238,Y,F,LB
c.1729A>T,p.I577F,577,I,F,VUS
c.1868C>G,p.A623G,623,A,G,B
c.297A>C,p.R99S,99,R,S,VUS
c.1423G>A,p.D475N,475,D,N,LB
c.1425T>A,p.D475E,475,D,E,LB
c.114C>A,p.D38E,38,D,E,LB
c.181C>A,p.Q61K,61,Q,K,LB
c.1460A>C,p.D487A,487,D,A,VUS
c.1775T>C,p.M592T,592,M,T,VUS
c.1249G>A,p.V417I,417,V,I,LB
c.2008C>T,p.P670S,670,P,S,VUS
c.428C>T,p.A143V,143,A,V,LB
c.2252G>A,p.G751E,751,G,E,VUS
c.12G>C,p.Q4H,4,Q,H,Unclassified
c.1346A>T,p.K449M,449,K,M,VUS
c.953A>T,p.E318V,318,E,V,Unclassified
c.1203A>C,p.L401F,401,L,F,LB
c.1889G>A,p.G630E,630,G,E,VUS
c.1373T>C,p.L458S,458,L,S,VUS
c.1257G>T,p.Q419H,419,Q,H,VUS
c.1081A>C,p.N361H,361,N,H,LB
c.740G>C,p.G247A,247,G,A,LB
c.1615T>C,p.F539L,539,F,L,LB
c.2221A>C,p.K741Q,741,K,Q,LB
c.2678A>C,p.Q893P,893,Q,P,LB
c.928C>T,p.L310F,310,L,F,VUS
c.2116G>T,p.D706Y,706,D,Y,VUS
c.1603A>C,p.N535H,535,N,H,VUS
c.2280T>G,p.F760L,760,F,L,LB
c.77T>A,p.M26K,26,M,K,VUS
c.1989G>T,p.M663I,663,M,I,LB
c.2521A>T,p.I841L,841,I,L,LB
c.92C>A,p.T31N,31,T,N,LB
c.1255C>G,p.Q419E,419,Q,E,B
c.2573G>C,p.G858A,858,G,A,Unclassified
c.2197G>C,p.A733P,733,A,P,VUS
c.298G>T,p.V100F,100,V,F,VUS
c.625G>T,p.D209Y,209,D,Y,VUS
c.224T>C,p.L75P,75,L,P,VUS
c.1594G>T,p.V532F,532,V,F,LB
c.2738C>T,p.A913V,913,A,V,VUS
c.1337A>G,p.D446G,446,D,G,VUS
c.1668G>C,p.L556F,556,L,F,VUS
c.196T>C,p.Y66H,66,Y,H,LB
c.2270A>C,p.Y757S,757,Y,S,VUS
c.1464G>C,p.L488F,488,L,F,LB
c.1399G>A,p.E467K,467,E,K,VUS
c.2522T>A,p.I841K,841,I,K,VUS
c.157G>A,p.A53T,53,A,T,LB
c.1117A>G,p.R373G,373,R,G,VUS
c.1222T>C,p.Y408H,408,Y,H,VUS
c.344A>G,p.N115S,115,N,S,LB
c.1994A>T,p.H665L,665,H,L,LB
c.943G>T,p.G315C,315,G,C,VUS
c.1033T>C,p.W345R,345,W,R,LP
c.1112A>T,p.E371V,371,E,V,VUS
c.2582A>G,p.Q861R,861,Q,R,LB
c.554C>G,p.S185C,185,S,C,VUS
c.1223A>T,p.Y408F,408,Y,F,LB
c.1615T>G,p.F539V,539,F,V,VUS
c.1380G>T,p.M460I,460,M,I,Unclassified
c.1381G>T,p.D461Y,461,D,Y,Unclassified
c.1364A>T,p.E455V,455,E,V,VUS
c.892C>A,p.Q298K,298,Q,K,VUS
c.2416A>G,p.T806A,806,T,A,Unclassified
c.853A>T,p.N285Y,285,N,Y,VUS
c.2770A>G,p.N924D,924,N,D,Unclassified
c.482T>G,p.V161G,161,V,G,VUS
c.836T>C,p.L279P,279,L,P,VUS
c.2779A>G,p.I927V,927,I,V,LB
c.2279T>C,p.F760S,760,F,S,VUS
c.1811C>A,p.A604D,604,A,D,P
c.1685A>G,p.E562G,562,E,G,Unclassified
c.1830C>A,p.H610Q,610,H,Q,LB
c.678A>C,p.E226D,226,E,D,LB
c.2102A>T,p.E701V,701,E,V,LB
c.2241A>G,p.I747M,747,I,M,LB
c.221A>G,p.N74S,74,N,S,B
c.502T>C,p.S168P,168,S,P,VUS
c.402T>G,p.I134M,134,I,M,VUS
c.2317A>G,p.K773E,773,K,E,LB
c.3G>A,p.M1I,1,M,I,VUS
c.3G>C,p.M1I,1,M,I,VUS
c.664A>T,p.I222F,222,I,F,LB
c.2686T>G,p.F896V,896,F,V,LB
c.2666C>G,p.S889C,889,S,C,VUS
c.753G>C,p.E251D,251,E,D,LB
c.2266A>T,p.T756S,756,T,S,LB
c.914C>T,p.A305V,305,A,V,VUS
c.2429C>A,p.T810N,810,T,N,VUS
c.1685A>C,p.E562A,562,E,A,VUS
c.2563C>A,p.Q855K,855,Q,K,VUS
c.2327C>T,p.A776V,776,A,V,VUS
c.2380A>G,p.I794V,794,I,V,LB
c.113A>G,p.D38G,38,D,G,VUS
c.1474A>C,p.M492L,492,M,L,LB
c.770T>A,p.V257E,257,V,E,Unclassified
c.2492C>G,p.A831G,831,A,G,VUS
c.846T>G,p.D282E,282,D,E,LB
c.1298T>C,p.L433S,433,L,S,VUS
c.1041G>C,p.K347N,347,K,N,LB
c.594A>C,p.E198D,198,E,D,Unclassified
c.1495G>C,p.A499P,499,A,P,VUS
c.1079T>G,p.L360W,360,L,W,VUS
c.392T>A,p.F131Y,131,F,Y,LB
c.979G>T,p.A327S,327,A,S,LB
c.161C>A,p.A54D,54,A,D,VUS
c.134C>A,p.A45E,45,A,E,VUS
c.2162G>C,p.G721A,721,G,A,VUS
c.2426A>G,p.E809G,809,E,G,LB
c.304G>C,p.V102L,102,V,L,VUS
c.1954C>T,p.P652S,652,P,S,VUS
c.499G>A,p.D167N,167,D,N,Unclassified
c.347A>T,p.D116V,116,D,V,VUS
c.2592T>A,p.D864E,864,D,E,VUS
c.1054G>T,p.D352Y,352,D,Y,VUS
c.1193C>G,p.A398G,398,A,G,LB
c.357G>C,p.L119F,119,L,F,LB
c.2335A>T,p.M779L,779,M,L,VUS
c.349T>G,p.W117G,117,W,G,VUS
c.1006C>G,p.P336A,336,P,A,LB
c.20A>T,p.E7V,7,E,V,LB
c.2658G>T,p.E886D,886,E,D,LB
c.1638G>C,p.K546N,546,K,N,LB
c.631G>C,p.G211R,211,G,R,LB
c.1456A>T,p.N486Y,486,N,Y,VUS
c.1258G>A,p.A420T,420,A,T,LB
c.1774A>T,p.M592L,592,M,L,VUS
c.1511G>A,p.G504D,504,G,D,Unclassified
c.552C>G,p.F184L,184,F,L,LB
c.2469T>A,p.D823E,823,D,E,LB
c.786G>C,p.E262D,262,E,D,LB
c.2669A>T,p.K890M,890,K,M,Unclassified
c.2456A>T,p.K819I,819,K,I,LB
c.865T>G,p.F289V,289,F,V,VUS
c.584G>A,p.G195E,195,G,E,VUS
c.41C>A,p.A14E,14,A,E,LB
c.824A>G,p.K275R,275,K,R,LB
c.1100T>C,p.V367A,367,V,A,VUS
c.698C>T,p.S233F,233,S,F,LB
c.773T>C,p.L258S,258,L,S,VUS
c.2044A>G,p.T682A,682,T,A,Unclassified
c.2384C>T,p.P795L,795,P,L,VUS
c.1488A>C,p.L496F,496,L,F,LB
c.92C>T,p.T31I,31,T,I,LB
c.1447G>C,p.E483Q,483,E,Q,LB
c.2286A>C,p.L762F,762,L,F,VUS
c.656G>C,p.R219T,219,R,T,VUS
c.34G>A,p.E12K,12,E,K,LB
